{"type":"FeatureCollection","name":"wildwood_road_centerlines","metadata":{"source":"NJOGIS NG911 Road Centerlines (Tran_road)","url":"https://services2.arcgis.com/XVOqAjTOJ5P6ngMu/arcgis/rest/services/Tran_road/FeatureServer/0","query_url":"https://services2.arcgis.com/XVOqAjTOJ5P6ngMu/arcgis/rest/services/Tran_road/FeatureServer/0/query","retrieved_at_utc":"2026-09-04T20:06:27.117777+00:00","source_last_edit_date":1785341586960,"out_sr":4326,"query_envelope_wgs84":[-74.8350607,38.9752065,-74.8008577,38.998997],"spatial_relationship":"esriSpatialRelIntersects","boundary_file":"wildwood_boundary.geojson","boundary_sha256":"4f334edfd69b6120ee397b45029c71b2bae989cf19d1ca6e495b3c8e42374418","fields":["OBJECTID","PRIMENAME","ELEVTYP_F","ELEVTYP_T"],"feature_count":828,"complete_objectid_inventory_verified":true,"municipal_clipping":"Envelope selection only; clip against the actual municipal boundary in the application."},"features":[{"type":"Feature","id":1428,"properties":{"OBJECTID":1428,"PRIMENAME":"New Jersey Avenue","ELEVTYP_F":0,"ELEVTYP_T":0},"geometry":{"type":"LineString","coordinates":[[-74.829966924188,38.9802188604675],[-74.8296568322134,38.9804415461857],[-74.82932252835,38.980685936392]]}},{"type":"Feature","id":2342,"properties":{"OBJECTID":2342,"PRIMENAME":"East Buttercup Road","ELEVTYP_F":0,"ELEVTYP_T":0},"geometry":{"type":"LineString","coordinates":[[-74.8260491502983,38.9779634804187],[-74.8251559278968,38.9772143532364],[-74.8251041915582,38.977170344138]]}},{"type":"Feature","id":2484,"properties":{"OBJECTID":2484,"PRIMENAME":"Ocean Avenue","ELEVTYP_F":0,"ELEVTYP_T":0},"geometry":{"type":"LineString","coordinates":[[-74.8238076988415,38.9781168168438],[-74.8244618422045,38.977639721913]]}},{"type":"Feature","id":2735,"properties":{"OBJECTID":2735,"PRIMENAME":"Atlantic Avenue","ELEVTYP_F":0,"ELEVTYP_T":0},"geometry":{"type":"LineString","coordinates":[[-74.8286606959761,38.9760514165003],[-74.8291564627671,38.9756897096461],[-74.8293409410632,38.9755551916147]]}},{"type":"Feature","id":3510,"properties":{"OBJECTID":3510,"PRIMENAME":"Susquehanna Avenue","ELEVTYP_F":0,"ELEVTYP_T":0},"geometry":{"type":"LineString","coordinates":[[-74.8283497177376,38.9892325006964],[-74.828536049029,38.9890951502668],[-74.8290160864012,38.9887437588177]]}},{"type":"Feature","id":3594,"properties":{"OBJECTID":3594,"PRIMENAME":"Ocean Avenue","ELEVTYP_F":0,"ELEVTYP_T":0},"geometry":{"type":"LineString","coordinates":[[-74.815114089743,38.9844784634385],[-74.8149384321599,38.9846062893581],[-74.8144453400966,38.9849666111783]]}},{"type":"Feature","id":3927,"properties":{"OBJECTID":3927,"PRIMENAME":"Lavender Road","ELEVTYP_F":0,"ELEVTYP_T":0},"geometry":{"type":"LineString","coordinates":[[-74.8332100007134,38.9829220707803],[-74.8332604966904,38.9829472156577],[-74.8333228164738,38.9829652153109],[-74.8334279003135,38.9829800721441],[-74.8335562657955,38.9829858005336]]}},{"type":"Feature","id":4436,"properties":{"OBJECTID":4436,"PRIMENAME":"Hudson Avenue","ELEVTYP_F":0,"ELEVTYP_T":0},"geometry":{"type":"LineString","coordinates":[[-74.8207313126787,38.9922878146443],[-74.8208681893518,38.9921880388132],[-74.8213972199806,38.9917957952956]]}},{"type":"Feature","id":5280,"properties":{"OBJECTID":5280,"PRIMENAME":"West Schellenger Avenue","ELEVTYP_F":0,"ELEVTYP_T":0},"geometry":{"type":"LineString","coordinates":[[-74.8182238809499,38.9923292777644],[-74.8181001332613,38.9922268104185],[-74.8176184140315,38.9918099047624]]}},{"type":"Feature","id":5396,"properties":{"OBJECTID":5396,"PRIMENAME":"Pacific Avenue","ELEVTYP_F":0,"ELEVTYP_T":0},"geometry":{"type":"LineString","coordinates":[[-74.8270424872665,38.9797936895074],[-74.8267255303342,38.9800247611488],[-74.8263903402217,38.9802692004185]]}},{"type":"Feature","id":5760,"properties":{"OBJECTID":5760,"PRIMENAME":"East 21st Avenue","ELEVTYP_F":0,"ELEVTYP_T":0},"geometry":{"type":"LineString","coordinates":[[-74.8053016577298,38.9959131576665],[-74.8053603257301,38.995956662687],[-74.8054138401248,38.9959963371832]]}},{"type":"Feature","id":5936,"properties":{"OBJECTID":5936,"PRIMENAME":"East Rio Grande Avenue","ELEVTYP_F":0,"ELEVTYP_T":0},"geometry":{"type":"LineString","coordinates":[[-74.8214153418791,38.9813632248592],[-74.8208250098328,38.9808688679892],[-74.8204603835305,38.9805669754857]]}},{"type":"Feature","id":5948,"properties":{"OBJECTID":5948,"PRIMENAME":"New York Avenue","ELEVTYP_F":0,"ELEVTYP_T":0},"geometry":{"type":"LineString","coordinates":[[-74.8119515379727,38.9951087755007],[-74.8123478463068,38.9947728877178],[-74.8124961540585,38.9946441779098]]}},{"type":"Feature","id":6316,"properties":{"OBJECTID":6316,"PRIMENAME":"East Morning Glory Road","ELEVTYP_F":0,"ELEVTYP_T":0},"geometry":{"type":"LineString","coordinates":[[-74.8254071490859,38.9784322038293],[-74.8261045883558,38.9790135566502]]}},{"type":"Feature","id":6902,"properties":{"OBJECTID":6902,"PRIMENAME":"West Burk Avenue","ELEVTYP_F":0,"ELEVTYP_T":0},"geometry":{"type":"LineString","coordinates":[[-74.8260688510302,38.9883788444459],[-74.8265866194499,38.9888099211524],[-74.8275897372376,38.9896422291644],[-74.8276839018022,38.9897211822373]]}},{"type":"Feature","id":7153,"properties":{"OBJECTID":7153,"PRIMENAME":"Arctic Avenue","ELEVTYP_F":0,"ELEVTYP_T":0},"geometry":{"type":"LineString","coordinates":[[-74.8229770896909,38.9878925876504],[-74.823542298201,38.9874812600317],[-74.8236444119888,38.9874068672337]]}},{"type":"Feature","id":7188,"properties":{"OBJECTID":7188,"PRIMENAME":"West Poplar Avenue","ELEVTYP_F":0,"ELEVTYP_T":0},"geometry":{"type":"LineString","coordinates":[[-74.8140945618559,38.9957810007271],[-74.8134190501674,38.995296200553],[-74.8124961540585,38.9946441779098]]}},{"type":"Feature","id":7882,"properties":{"OBJECTID":7882,"PRIMENAME":"West Taylor Avenue","ELEVTYP_F":0,"ELEVTYP_T":0},"geometry":{"type":"LineString","coordinates":[[-74.8274025048464,38.9874002270637],[-74.8282167970234,38.9880753110308],[-74.8290160864012,38.9887437588177]]}},{"type":"Feature","id":8100,"properties":{"OBJECTID":8100,"PRIMENAME":"West Aster Road","ELEVTYP_F":0,"ELEVTYP_T":0},"geometry":{"type":"LineString","coordinates":[[-74.8319260299851,38.9787814289784],[-74.8324075572094,38.979180814673],[-74.8333553194233,38.9799710555498],[-74.833951778364,38.9804572038441]]}},{"type":"Feature","id":8718,"properties":{"OBJECTID":8718,"PRIMENAME":"Park Boulevard","ELEVTYP_F":0,"ELEVTYP_T":0},"geometry":{"type":"LineString","coordinates":[[-74.8146453563862,38.9953072057485],[-74.8142904527144,38.9956152287655],[-74.8140945618559,38.9957810007271]]}},{"type":"Feature","id":8728,"properties":{"OBJECTID":8728,"PRIMENAME":"Pacific Avenue","ELEVTYP_F":0,"ELEVTYP_T":0},"geometry":{"type":"LineString","coordinates":[[-74.8263903402217,38.9802692004185],[-74.8258531012943,38.9806801623413],[-74.8257312912255,38.9807682872596]]}},{"type":"Feature","id":8794,"properties":{"OBJECTID":8794,"PRIMENAME":"West Wildwood Avenue","ELEVTYP_F":0,"ELEVTYP_T":0},"geometry":{"type":"LineString","coordinates":[[-74.8158491811835,38.9926036416016],[-74.8162084224191,38.9928588994839],[-74.8164075454706,38.9930003844568],[-74.8169172176638,38.9933654338586]]}},{"type":"Feature","id":9550,"properties":{"OBJECTID":9550,"PRIMENAME":"East Wildwood Avenue","ELEVTYP_F":0,"ELEVTYP_T":0},"geometry":{"type":"LineString","coordinates":[[-74.8127447185522,38.9904005322706],[-74.8130350876319,38.9906067352867],[-74.8141704216733,38.9914113725098],[-74.8144239861346,38.9915913929116]]}},{"type":"Feature","id":9601,"properties":{"OBJECTID":9601,"PRIMENAME":"Ocean Avenue","ELEVTYP_F":0,"ELEVTYP_T":0},"geometry":{"type":"LineString","coordinates":[[-74.8231322597448,38.978608410635],[-74.8227579069956,38.9788830972522],[-74.8224690612755,38.9790938434793]]}},{"type":"Feature","id":9928,"properties":{"OBJECTID":9928,"PRIMENAME":"Arion Avenue","ELEVTYP_F":0,"ELEVTYP_T":0},"geometry":{"type":"LineString","coordinates":[[-74.8221782001165,38.9983716507472],[-74.8216704666643,38.9987909123438]]}},{"type":"Feature","id":10259,"properties":{"OBJECTID":10259,"PRIMENAME":"Central Avenue","ELEVTYP_F":0,"ELEVTYP_T":0},"geometry":{"type":"LineString","coordinates":[[-74.8084266898729,38.9934976898022],[-74.808024246042,38.9938330589532]]}},{"type":"Feature","id":10435,"properties":{"OBJECTID":10435,"PRIMENAME":"Mediterranean Avenue","ELEVTYP_F":0,"ELEVTYP_T":0},"geometry":{"type":"LineString","coordinates":[[-74.8272773851557,38.992524807803],[-74.8279417618793,38.992030668179]]}},{"type":"Feature","id":11770,"properties":{"OBJECTID":11770,"PRIMENAME":"West Hand Avenue","ELEVTYP_F":0,"ELEVTYP_T":0},"geometry":{"type":"LineString","coordinates":[[-74.8276079777575,38.9854627339429],[-74.8274328361721,38.985316351257],[-74.8269883087596,38.9849556951938]]}},{"type":"Feature","id":12079,"properties":{"OBJECTID":12079,"PRIMENAME":"Park Boulevard","ELEVTYP_F":0,"ELEVTYP_T":0},"geometry":{"type":"LineString","coordinates":[[-74.8351658114432,38.9793364122318],[-74.8349323802259,38.9795487317995],[-74.834550890199,38.9798981637782]]}},{"type":"Feature","id":13015,"properties":{"OBJECTID":13015,"PRIMENAME":"West Montgomery Avenue","ELEVTYP_F":0,"ELEVTYP_T":0},"geometry":{"type":"LineString","coordinates":[[-74.8263479343104,38.9907025268834],[-74.8269331016917,38.9911874786678],[-74.8277930701804,38.9919087315894],[-74.8279417618793,38.992030668179]]}},{"type":"Feature","id":13387,"properties":{"OBJECTID":13387,"PRIMENAME":"Maple Avenue","ELEVTYP_F":0,"ELEVTYP_T":0},"geometry":{"type":"LineString","coordinates":[[-74.8180339991003,38.9959954334734],[-74.818217518432,38.9961252781025]]}},{"type":"Feature","id":14388,"properties":{"OBJECTID":14388,"PRIMENAME":"Susquehanna Avenue","ELEVTYP_F":0,"ELEVTYP_T":0},"geometry":{"type":"LineString","coordinates":[[-74.8267681812218,38.9903973037652],[-74.8266535468892,38.9904805771928]]}},{"type":"Feature","id":15821,"properties":{"OBJECTID":15821,"PRIMENAME":"West 26th Avenue","ELEVTYP_F":0,"ELEVTYP_T":0},"geometry":{"type":"LineString","coordinates":[[-74.8166237867417,38.9991043698081],[-74.816477849834,38.9989970189541]]}},{"type":"Feature","id":15971,"properties":{"OBJECTID":15971,"PRIMENAME":"West Garfield Avenue","ELEVTYP_F":0,"ELEVTYP_T":0},"geometry":{"type":"LineString","coordinates":[[-74.8189717091807,38.9908242461914],[-74.8195874763333,38.9913335340068]]}},{"type":"Feature","id":18494,"properties":{"OBJECTID":18494,"PRIMENAME":"East Andrews Avenue","ELEVTYP_F":0,"ELEVTYP_T":0},"geometry":{"type":"LineString","coordinates":[[-74.8217073969773,38.9837092370864],[-74.8213118472879,38.9833878001145],[-74.8206335263606,38.9828185858939],[-74.8201516613387,38.9824052586809],[-74.8200692126642,38.9823380749103]]}},{"type":"Feature","id":18658,"properties":{"OBJECTID":18658,"PRIMENAME":"Lake Road","ELEVTYP_F":0,"ELEVTYP_T":0},"geometry":{"type":"LineString","coordinates":[[-74.8333405748064,38.9819958274959],[-74.833292754103,38.9823611883111],[-74.8332100007134,38.9829220707803]]}},{"type":"Feature","id":18894,"properties":{"OBJECTID":18894,"PRIMENAME":"West Burk Avenue","ELEVTYP_F":0,"ELEVTYP_T":0},"geometry":{"type":"LineString","coordinates":[[-74.8292892760864,38.9910653632455],[-74.8295885566352,38.9913156250268],[-74.8307564408279,38.9922900312113],[-74.8309062623611,38.9924131211158],[-74.8317637870763,38.9931176224341]]}},{"type":"Feature","id":19042,"properties":{"OBJECTID":19042,"PRIMENAME":"West Rio Grande Avenue","ELEVTYP_F":0,"ELEVTYP_T":0},"geometry":{"type":"LineString","coordinates":[[-74.8269354627879,38.9859570048417],[-74.8280740736959,38.9869048031333]]}},{"type":"Feature","id":19444,"properties":{"OBJECTID":19444,"PRIMENAME":"New Jersey Avenue","ELEVTYP_F":0,"ELEVTYP_T":0},"geometry":{"type":"LineString","coordinates":[[-74.8286849531098,38.9811539507451],[-74.8282634932958,38.981472392154],[-74.828030833848,38.9816368354395]]}},{"type":"Feature","id":21308,"properties":{"OBJECTID":21308,"PRIMENAME":"East Wildwood Avenue","ELEVTYP_F":0,"ELEVTYP_T":0},"geometry":{"type":"LineString","coordinates":[[-74.8094677477092,38.9880715163847],[-74.8097114024613,38.9882435007989]]}},{"type":"Feature","id":21607,"properties":{"OBJECTID":21607,"PRIMENAME":"West Pine Avenue","ELEVTYP_F":0,"ELEVTYP_T":0},"geometry":{"type":"LineString","coordinates":[[-74.8163074962344,38.9938898405907],[-74.8161130372832,38.9937507697625],[-74.815551918584,38.993347702635],[-74.8152418006354,38.9931249339237]]}},{"type":"Feature","id":22277,"properties":{"OBJECTID":22277,"PRIMENAME":"East Sweetbriar Road","ELEVTYP_F":0,"ELEVTYP_T":0},"geometry":{"type":"LineString","coordinates":[[-74.8316574192171,38.976423622394],[-74.8312567776828,38.9760902066479],[-74.8307199904524,38.9756401195815]]}},{"type":"Feature","id":24557,"properties":{"OBJECTID":24557,"PRIMENAME":"Lake Avenue","ELEVTYP_F":0,"ELEVTYP_T":0},"geometry":{"type":"LineString","coordinates":[[-74.8186122217276,38.9955153390092],[-74.8180976525536,38.9959403703559],[-74.8180339991003,38.9959954334734]]}},{"type":"Feature","id":28305,"properties":{"OBJECTID":28305,"PRIMENAME":"East 17th Avenue","ELEVTYP_F":0,"ELEVTYP_T":0},"geometry":{"type":"LineString","coordinates":[[-74.8028171181631,38.9981546058058],[-74.8034108963835,38.9985863288465],[-74.8042546906247,38.9992136420227]]}},{"type":"Feature","id":32886,"properties":{"OBJECTID":32886,"PRIMENAME":"Park Boulevard","ELEVTYP_F":0,"ELEVTYP_T":0},"geometry":{"type":"LineString","coordinates":[[-74.8182238809499,38.9923292777644],[-74.8178724607955,38.9925909528489],[-74.8177301484235,38.9926931921192],[-74.8175807255787,38.9928005404482],[-74.8175348061334,38.99283940977]]}},{"type":"Feature","id":42600,"properties":{"OBJECTID":42600,"PRIMENAME":"West Morning Glory Road","ELEVTYP_F":0,"ELEVTYP_T":0},"geometry":{"type":"LineString","coordinates":[[-74.8286849531098,38.9811539507451],[-74.829560593599,38.9818860762857],[-74.8307827451715,38.982905637041],[-74.8309019087316,38.9830055501441]]}},{"type":"Feature","id":42607,"properties":{"OBJECTID":42607,"PRIMENAME":"East Buttercup Road","ELEVTYP_F":0,"ELEVTYP_T":0},"geometry":{"type":"LineString","coordinates":[[-74.8267482312917,38.9785420519863],[-74.8262490635214,38.9781311322503],[-74.8260491502983,38.9779634804187]]}},{"type":"Feature","id":44485,"properties":{"OBJECTID":44485,"PRIMENAME":"East Forget Me Not Road","ELEVTYP_F":0,"ELEVTYP_T":0},"geometry":{"type":"LineString","coordinates":[[-74.835870730481,38.9758974123585],[-74.8356010525707,38.9756717384389],[-74.834808498122,38.9750182790973],[-74.8342347757821,38.9745336902082]]}},{"type":"Feature","id":45374,"properties":{"OBJECTID":45374,"PRIMENAME":"Beach Avenue","ELEVTYP_F":0,"ELEVTYP_T":0},"geometry":{"type":"LineString","coordinates":[[-74.8238641257005,38.9771362559289],[-74.8241839895473,38.9769030974692],[-74.8245075274944,38.9766662199447]]}},{"type":"Feature","id":45612,"properties":{"OBJECTID":45612,"PRIMENAME":"Seaview Avenue","ELEVTYP_F":0,"ELEVTYP_T":0},"geometry":{"type":"LineString","coordinates":[[-74.8313725251914,38.9751647749874],[-74.8309336682123,38.9754841270143],[-74.8307199904524,38.9756401195815]]}},{"type":"Feature","id":45979,"properties":{"OBJECTID":45979,"PRIMENAME":"Arctic Avenue","ELEVTYP_F":0,"ELEVTYP_T":0},"geometry":{"type":"LineString","coordinates":[[-74.8289965629311,38.9834849521326],[-74.8292020634744,38.9833348884267],[-74.8296642358006,38.9829940322978]]}},{"type":"Feature","id":46383,"properties":{"OBJECTID":46383,"PRIMENAME":"Pacific Avenue","ELEVTYP_F":0,"ELEVTYP_T":0},"geometry":{"type":"LineString","coordinates":[[-74.8223809208601,38.9832169707184],[-74.8220785223679,38.9834377204634],[-74.8217073969773,38.9837092370864]]}},{"type":"Feature","id":46630,"properties":{"OBJECTID":46630,"PRIMENAME":"East Youngs Avenue","ELEVTYP_F":0,"ELEVTYP_T":0},"geometry":{"type":"LineString","coordinates":[[-74.8160621155782,38.9852682120194],[-74.8158593500904,38.9850989029732],[-74.815114089743,38.9844784634385]]}},{"type":"Feature","id":46713,"properties":{"OBJECTID":46713,"PRIMENAME":"Atlantic Avenue","ELEVTYP_F":0,"ELEVTYP_T":0},"geometry":{"type":"LineString","coordinates":[[-74.8045154814568,38.9943138946228],[-74.8038658189423,38.9948528112009]]}},{"type":"Feature","id":47360,"properties":{"OBJECTID":47360,"PRIMENAME":"East Baker Avenue","ELEVTYP_F":0,"ELEVTYP_T":0},"geometry":{"type":"LineString","coordinates":[[-74.8206748456117,38.9870179351677],[-74.8201802885593,38.9866208435407],[-74.8191232177372,38.985732082302],[-74.8190391000346,38.9856622115273]]}},{"type":"Feature","id":47926,"properties":{"OBJECTID":47926,"PRIMENAME":"Atlantic Avenue","ELEVTYP_F":0,"ELEVTYP_T":0},"geometry":{"type":"LineString","coordinates":[[-74.8187282939291,38.9833142671091],[-74.818388044396,38.9835620204285],[-74.8180672689388,38.983798927304]]}},{"type":"Feature","id":48413,"properties":{"OBJECTID":48413,"PRIMENAME":"West Glenwood Avenue","ELEVTYP_F":0,"ELEVTYP_T":0},"geometry":{"type":"LineString","coordinates":[[-74.8151966143546,38.994836481537],[-74.814941409087,38.9946544899673],[-74.8135979296203,38.9936996194197]]}},{"type":"Feature","id":48440,"properties":{"OBJECTID":48440,"PRIMENAME":"West Cedar Avenue","ELEVTYP_F":0,"ELEVTYP_T":0},"geometry":{"type":"LineString","coordinates":[[-74.8211504217412,38.9944717443173],[-74.8202676917601,38.9938369169099],[-74.8194087155682,38.9932306840913]]}},{"type":"Feature","id":48472,"properties":{"OBJECTID":48472,"PRIMENAME":"Ocean Avenue","ELEVTYP_F":0,"ELEVTYP_T":0},"geometry":{"type":"LineString","coordinates":[[-74.8066629572648,38.9904957273484],[-74.8063229991005,38.9907878165935],[-74.8061209359333,38.990959659738]]}},{"type":"Feature","id":48814,"properties":{"OBJECTID":48814,"PRIMENAME":"Seaview Avenue","ELEVTYP_F":0,"ELEVTYP_T":0},"geometry":{"type":"LineString","coordinates":[[-74.8300398972122,38.9761365718675],[-74.8296646997366,38.9764104326706],[-74.8293575560409,38.9766361290891]]}},{"type":"Feature","id":49264,"properties":{"OBJECTID":49264,"PRIMENAME":"Pacific Avenue","ELEVTYP_F":0,"ELEVTYP_T":0},"geometry":{"type":"LineString","coordinates":[[-74.8296385352154,38.9778991109601],[-74.8292476895147,38.9781841897986],[-74.8289870547544,38.9783744976712]]}},{"type":"Feature","id":49332,"properties":{"OBJECTID":49332,"PRIMENAME":"West Glenwood Avenue","ELEVTYP_F":0,"ELEVTYP_T":0},"geometry":{"type":"LineString","coordinates":[[-74.8211355216824,38.9992323510771],[-74.8208115602887,38.9989953703976],[-74.8197398543643,38.9982051782162],[-74.8189981830339,38.9976621051925],[-74.8187794144828,38.9975040755515],[-74.818571561671,38.9973394817316]]}},{"type":"Feature","id":49351,"properties":{"OBJECTID":49351,"PRIMENAME":"West Oak Avenue","ELEVTYP_F":0,"ELEVTYP_T":0},"geometry":{"type":"LineString","coordinates":[[-74.8205032604545,38.9949677743741],[-74.8204317093504,38.9949248889063],[-74.8202220200481,38.9947815273334],[-74.8198313692979,38.9944979385808],[-74.8191529207433,38.9940232007919],[-74.8187570773104,38.9937250691455]]}},{"type":"Feature","id":49627,"properties":{"OBJECTID":49627,"PRIMENAME":"East Cresse Avenue","ELEVTYP_F":0,"ELEVTYP_T":0},"geometry":{"type":"LineString","coordinates":[[-74.8238076988415,38.9781168168438],[-74.8232236580183,38.9776031515057]]}},{"type":"Feature","id":49694,"properties":{"OBJECTID":49694,"PRIMENAME":"Atlantic Avenue","ELEVTYP_F":0,"ELEVTYP_T":0},"geometry":{"type":"LineString","coordinates":[[-74.8012580113101,38.9970119536674],[-74.8006089062493,38.9975523882641]]}},{"type":"Feature","id":49717,"properties":{"OBJECTID":49717,"PRIMENAME":"East Youngs Avenue","ELEVTYP_F":0,"ELEVTYP_T":0},"geometry":{"type":"LineString","coordinates":[[-74.8177043266998,38.9866369477426],[-74.81744361393,38.9864217515601],[-74.8160621155782,38.9852682120194]]}},{"type":"Feature","id":49961,"properties":{"OBJECTID":49961,"PRIMENAME":"West 26th Avenue","ELEVTYP_F":0,"ELEVTYP_T":0},"geometry":{"type":"LineString","coordinates":[[-74.816477849834,38.9989970189541],[-74.816367876514,38.9989161233362],[-74.8161738489815,38.9987816621954],[-74.8155383530653,38.998341257076],[-74.8155340834037,38.9983382984777],[-74.8154038767931,38.9982480624567]]}},{"type":"Feature","id":50250,"properties":{"OBJECTID":50250,"PRIMENAME":"Ocean Avenue","ELEVTYP_F":0,"ELEVTYP_T":0},"geometry":{"type":"LineString","coordinates":[[-74.8137773248256,38.9854558512373],[-74.8135008487813,38.9856591817751],[-74.8131156834645,38.9859403750329]]}},{"type":"Feature","id":50743,"properties":{"OBJECTID":50743,"PRIMENAME":"Hudson Avenue","ELEVTYP_F":0,"ELEVTYP_T":0},"geometry":{"type":"LineString","coordinates":[[-74.8147863687647,38.9971304456081],[-74.8150437460748,38.9969115114386],[-74.8153337715607,38.9966600330667]]}},{"type":"Feature","id":51111,"properties":{"OBJECTID":51111,"PRIMENAME":"West Pine Avenue","ELEVTYP_F":0,"ELEVTYP_T":0},"geometry":{"type":"LineString","coordinates":[[-74.8225484159193,38.9986432064327],[-74.8221782001165,38.9983716507472]]}},{"type":"Feature","id":51249,"properties":{"OBJECTID":51249,"PRIMENAME":"Pacific Avenue","ELEVTYP_F":0,"ELEVTYP_T":0},"geometry":{"type":"LineString","coordinates":[[-74.8177043266998,38.9866369477426],[-74.817041189908,38.9871219094432],[-74.8170383832119,38.9871238386133]]}},{"type":"Feature","id":51518,"properties":{"OBJECTID":51518,"PRIMENAME":"Pacific Avenue","ELEVTYP_F":0,"ELEVTYP_T":0},"geometry":{"type":"LineString","coordinates":[[-74.8210464193306,38.9841927599624],[-74.8206953084523,38.9844496386759],[-74.8203716091537,38.9846846653614]]}},{"type":"Feature","id":51753,"properties":{"OBJECTID":51753,"PRIMENAME":"East Taylor Avenue","ELEVTYP_F":0,"ELEVTYP_T":0},"geometry":{"type":"LineString","coordinates":[[-74.8207375673385,38.9818467653896],[-74.8210730949606,38.982122651562],[-74.8223809208601,38.9832169707184]]}},{"type":"Feature","id":51851,"properties":{"OBJECTID":51851,"PRIMENAME":"New Jersey Avenue","ELEVTYP_F":0,"ELEVTYP_T":0},"geometry":{"type":"LineString","coordinates":[[-74.8240124754899,38.9845780135458],[-74.8238232960108,38.9847150620669],[-74.8234191355934,38.9850098234688],[-74.8233423449842,38.9850662709674]]}},{"type":"Feature","id":52172,"properties":{"OBJECTID":52172,"PRIMENAME":"Arctic Avenue","ELEVTYP_F":0,"ELEVTYP_T":0},"geometry":{"type":"LineString","coordinates":[[-74.82097316721,38.9893569552488],[-74.8216393829066,38.9888696008431]]}},{"type":"Feature","id":52475,"properties":{"OBJECTID":52475,"PRIMENAME":"East Spencer Avenue","ELEVTYP_F":0,"ELEVTYP_T":0},"geometry":{"type":"LineString","coordinates":[[-74.8144453400966,38.9849666111783],[-74.815104570628,38.9855136713049],[-74.8153968514123,38.9857569872132]]}},{"type":"Feature","id":52622,"properties":{"OBJECTID":52622,"PRIMENAME":"East Lavender Road","ELEVTYP_F":0,"ELEVTYP_T":0},"geometry":{"type":"LineString","coordinates":[[-74.8273939076952,38.9780708677588],[-74.8275600586724,38.9782094231016],[-74.828333779028,38.9788513965225]]}},{"type":"Feature","id":52806,"properties":{"OBJECTID":52806,"PRIMENAME":"East Poplar Avenue","ELEVTYP_F":0,"ELEVTYP_T":0},"geometry":{"type":"LineString","coordinates":[[-74.8066629572648,38.9904957273484],[-74.8062214914673,38.990175349367],[-74.8056025196848,38.9897555126491],[-74.8054762299739,38.9896702828422]]}},{"type":"Feature","id":53045,"properties":{"OBJECTID":53045,"PRIMENAME":"Atlantic Avenue","ELEVTYP_F":0,"ELEVTYP_T":0},"geometry":{"type":"LineString","coordinates":[[-74.8280032749046,38.9765329936252],[-74.828365288282,38.9762669461293],[-74.8286606959761,38.9760514165003]]}},{"type":"Feature","id":53633,"properties":{"OBJECTID":53633,"PRIMENAME":"West Baker Avenue","ELEVTYP_F":0,"ELEVTYP_T":0},"geometry":{"type":"LineString","coordinates":[[-74.8240674924455,38.9898466621919],[-74.8234444978493,38.9893230014228],[-74.8229205654462,38.9888946736816]]}},{"type":"Feature","id":53858,"properties":{"OBJECTID":53858,"PRIMENAME":"West Spencer Avenue","ELEVTYP_F":0,"ELEVTYP_T":0},"geometry":{"type":"LineString","coordinates":[[-74.8203066362332,38.9898465570474],[-74.820821158218,38.9902731656584],[-74.8209207391197,38.9903531245723]]}},{"type":"Feature","id":54149,"properties":{"OBJECTID":54149,"PRIMENAME":"West Wisteria Road","ELEVTYP_F":0,"ELEVTYP_T":0},"geometry":{"type":"LineString","coordinates":[[-74.8339471994244,38.9773029568294],[-74.8348037167935,38.9780219176562],[-74.8357484759895,38.978799572669]]}},{"type":"Feature","id":54255,"properties":{"OBJECTID":54255,"PRIMENAME":"East Montgomery Avenue","ELEVTYP_F":0,"ELEVTYP_T":0},"geometry":{"type":"LineString","coordinates":[[-74.8171247214151,38.9830075052224],[-74.8180672689388,38.983798927304]]}},{"type":"Feature","id":54686,"properties":{"OBJECTID":54686,"PRIMENAME":"Ocean Avenue","ELEVTYP_F":0,"ELEVTYP_T":0},"geometry":{"type":"LineString","coordinates":[[-74.8244618422045,38.977639721913],[-74.8247791810764,38.9774083246499],[-74.8251041915582,38.977170344138]]}},{"type":"Feature","id":55615,"properties":{"OBJECTID":55615,"PRIMENAME":"East Glenwood Avenue","ELEVTYP_F":0,"ELEVTYP_T":0},"geometry":{"type":"LineString","coordinates":[[-74.8077578023837,38.9895562935769],[-74.8073975443282,38.9893016607661],[-74.8069822431071,38.989002167165]]}},{"type":"Feature","id":55683,"properties":{"OBJECTID":55683,"PRIMENAME":"East Cedar Avenue","ELEVTYP_F":0,"ELEVTYP_T":0},"geometry":{"type":"LineString","coordinates":[[-74.8139644336862,38.9893688570843],[-74.8136824439268,38.9891715550678]]}},{"type":"Feature","id":55857,"properties":{"OBJECTID":55857,"PRIMENAME":"West Baker Avenue","ELEVTYP_F":0,"ELEVTYP_T":0},"geometry":{"type":"LineString","coordinates":[[-74.8210855699056,38.9873611341406],[-74.8208250924542,38.9871385307962],[-74.8206748456117,38.9870179351677]]}},{"type":"Feature","id":55901,"properties":{"OBJECTID":55901,"PRIMENAME":"East 24th Avenue","ELEVTYP_F":0,"ELEVTYP_T":0},"geometry":{"type":"LineString","coordinates":[[-74.8073709633895,38.9943736252599],[-74.807316427822,38.9943337615549],[-74.8072595979962,38.9942921751082]]}},{"type":"Feature","id":56009,"properties":{"OBJECTID":56009,"PRIMENAME":"New Jersey Avenue","ELEVTYP_F":0,"ELEVTYP_T":0},"geometry":{"type":"LineString","coordinates":[[-74.8352248079183,38.9763673533166],[-74.8348034394689,38.9766780203624],[-74.8345852784959,38.9768372462193]]}},{"type":"Feature","id":56314,"properties":{"OBJECTID":56314,"PRIMENAME":"Susquehanna Avenue","ELEVTYP_F":0,"ELEVTYP_T":0},"geometry":{"type":"LineString","coordinates":[[-74.8263479343104,38.9907025268834],[-74.8260165460138,38.9909431929691],[-74.8256741834702,38.9911929487257]]}},{"type":"Feature","id":56387,"properties":{"OBJECTID":56387,"PRIMENAME":"Lake Road","ELEVTYP_F":0,"ELEVTYP_T":0},"geometry":{"type":"LineString","coordinates":[[-74.8207060107426,38.9972529062284],[-74.8208077511672,38.9972712987208],[-74.8210082167718,38.9973106438796],[-74.8212598310656,38.9973465263893],[-74.8216990584126,38.9974118476194],[-74.8221382711206,38.9974737628734],[-74.8221961288393,38.9974834333334],[-74.8222180423707,38.9974892212205],[-74.822242970063,38.9975003275814],[-74.8222961674819,38.9975298911056],[-74.8223096937379,38.9975407271567]]}},{"type":"Feature","id":56812,"properties":{"OBJECTID":56812,"PRIMENAME":"East Juniper Avenue","ELEVTYP_F":0,"ELEVTYP_T":0},"geometry":{"type":"LineString","coordinates":[[-74.8074473967552,38.9919116142633],[-74.8079766750352,38.9922907371107],[-74.8093702519377,38.9932676174098]]}},{"type":"Feature","id":56813,"properties":{"OBJECTID":56813,"PRIMENAME":"Pacific Avenue","ELEVTYP_F":0,"ELEVTYP_T":0},"geometry":{"type":"LineString","coordinates":[[-74.8203716091537,38.9846846653614],[-74.8202036387346,38.9848066296689],[-74.8197063395046,38.9851723669839]]}},{"type":"Feature","id":56823,"properties":{"OBJECTID":56823,"PRIMENAME":"Pacific Avenue","ELEVTYP_F":0,"ELEVTYP_T":0},"geometry":{"type":"LineString","coordinates":[[-74.8276904871648,38.9793210143891],[-74.8275196358014,38.9794457432311],[-74.8270424872665,38.9797936895074]]}},{"type":"Feature","id":57693,"properties":{"OBJECTID":57693,"PRIMENAME":"Lake Road","ELEVTYP_F":0,"ELEVTYP_T":0},"geometry":{"type":"LineString","coordinates":[[-74.8330979057442,38.9838135263825],[-74.8330858526189,38.9838614210347],[-74.8330125139403,38.9839769824933],[-74.8328234464659,38.9842993072137],[-74.8327050677444,38.9845034960796]]}},{"type":"Feature","id":57743,"properties":{"OBJECTID":57743,"PRIMENAME":"Susquehanna Avenue","ELEVTYP_F":0,"ELEVTYP_T":0},"geometry":{"type":"LineString","coordinates":[[-74.8266535468892,38.9904805771928],[-74.826649981492,38.9904831663475],[-74.8263479343104,38.9907025268834]]}},{"type":"Feature","id":57808,"properties":{"OBJECTID":57808,"PRIMENAME":"Ocean Avenue","ELEVTYP_F":0,"ELEVTYP_T":0},"geometry":{"type":"LineString","coordinates":[[-74.8197826244223,38.9810614118651],[-74.8194052285587,38.981338100414],[-74.8191143994302,38.9815500787932]]}},{"type":"Feature","id":58104,"properties":{"OBJECTID":58104,"PRIMENAME":"New Jersey Avenue","ELEVTYP_F":0,"ELEVTYP_T":0},"geometry":{"type":"LineString","coordinates":[[-74.8173358369025,38.9894603723868],[-74.8170441977512,38.989673198888],[-74.816668427217,38.9899482540889]]}},{"type":"Feature","id":58803,"properties":{"OBJECTID":58803,"PRIMENAME":"East 25th Avenue","ELEVTYP_F":0,"ELEVTYP_T":0},"geometry":{"type":"LineString","coordinates":[[-74.803506505839,38.9905056550744],[-74.8048281946777,38.9914874173761]]}},{"type":"Feature","id":59666,"properties":{"OBJECTID":59666,"PRIMENAME":"East Aster Road","ELEVTYP_F":0,"ELEVTYP_T":0},"geometry":{"type":"LineString","coordinates":[[-74.8286606959761,38.9760514165003],[-74.8293575560409,38.9766361290891]]}},{"type":"Feature","id":59708,"properties":{"OBJECTID":59708,"PRIMENAME":"East 24th Avenue","ELEVTYP_F":0,"ELEVTYP_T":0},"geometry":{"type":"LineString","coordinates":[[-74.8088201152859,38.9954354302555],[-74.808439231037,38.9951547431249],[-74.8073709633895,38.9943736252599]]}},{"type":"Feature","id":60107,"properties":{"OBJECTID":60107,"PRIMENAME":"Atlantic Avenue","ELEVTYP_F":0,"ELEVTYP_T":0},"geometry":{"type":"LineString","coordinates":[[-74.8133902722311,38.9872232080348],[-74.8131879512957,38.9873704615626],[-74.812813001522,38.9876487976194],[-74.8127244146153,38.9877134522978]]}},{"type":"Feature","id":60438,"properties":{"OBJECTID":60438,"PRIMENAME":"West Wildwood Avenue","ELEVTYP_F":0,"ELEVTYP_T":0},"geometry":{"type":"LineString","coordinates":[[-74.8205028441873,38.9959127549739],[-74.8205309756468,38.9959322831821],[-74.8209081965908,38.9961927326411]]}},{"type":"Feature","id":60724,"properties":{"OBJECTID":60724,"PRIMENAME":"Atlantic Avenue","ELEVTYP_F":0,"ELEVTYP_T":0},"geometry":{"type":"LineString","coordinates":[[-74.8147293329471,38.9862473024428],[-74.8141463855689,38.9866664331627],[-74.8140570034883,38.9867336999052]]}},{"type":"Feature","id":60958,"properties":{"OBJECTID":60958,"PRIMENAME":"East Sweetbriar Road","ELEVTYP_F":0,"ELEVTYP_T":0},"geometry":{"type":"LineString","coordinates":[[-74.8332861138054,38.9777856992452],[-74.8329505607815,38.9775098480978],[-74.8320172045971,38.976723021882],[-74.8316574192171,38.976423622394]]}},{"type":"Feature","id":60989,"properties":{"OBJECTID":60989,"PRIMENAME":"Atlantic Avenue","ELEVTYP_F":0,"ELEVTYP_T":0},"geometry":{"type":"LineString","coordinates":[[-74.8293409410632,38.9755551916147],[-74.8300223000929,38.9750585758165]]}},{"type":"Feature","id":61654,"properties":{"OBJECTID":61654,"PRIMENAME":"Arctic Avenue","ELEVTYP_F":0,"ELEVTYP_T":0},"geometry":{"type":"LineString","coordinates":[[-74.8249780772161,38.9864352239118],[-74.8252614057175,38.9862287436705],[-74.8256508927515,38.9859413760652]]}},{"type":"Feature","id":61835,"properties":{"OBJECTID":61835,"PRIMENAME":"J Avenue","ELEVTYP_F":0,"ELEVTYP_T":0},"geometry":{"type":"LineString","coordinates":[[-74.8235720439969,38.9993998975629],[-74.8248492055202,38.9983347540648]]}},{"type":"Feature","id":62052,"properties":{"OBJECTID":62052,"PRIMENAME":"Park Boulevard","ELEVTYP_F":0,"ELEVTYP_T":0},"geometry":{"type":"LineString","coordinates":[[-74.8135369046793,38.9962403418529],[-74.8132199597978,38.9965088026594],[-74.8131879789597,38.9965335460352],[-74.8131073474803,38.9965776137599]]}},{"type":"Feature","id":62479,"properties":{"OBJECTID":62479,"PRIMENAME":"West Garfield Avenue","ELEVTYP_F":0,"ELEVTYP_T":0},"geometry":{"type":"LineString","coordinates":[[-74.8207313126787,38.9922878146443],[-74.8213206886107,38.9927831068108],[-74.8222844601445,38.9935837163906],[-74.8223466756458,38.99363173442]]}},{"type":"Feature","id":63010,"properties":{"OBJECTID":63010,"PRIMENAME":"West Juniper Avenue","ELEVTYP_F":0,"ELEVTYP_T":0},"geometry":{"type":"LineString","coordinates":[[-74.8119515379727,38.9951087755007],[-74.8130358353909,38.995880279805],[-74.8135369046793,38.9962403418529]]}},{"type":"Feature","id":63749,"properties":{"OBJECTID":63749,"PRIMENAME":"West 20th Avenue","ELEVTYP_F":0,"ELEVTYP_T":0},"geometry":{"type":"LineString","coordinates":[[-74.8091321250265,38.9997398011187],[-74.8088394949911,38.9995214583094],[-74.8076681501262,38.9986731519172]]}},{"type":"Feature","id":64033,"properties":{"OBJECTID":64033,"PRIMENAME":"Hudson Avenue","ELEVTYP_F":0,"ELEVTYP_T":0},"geometry":{"type":"LineString","coordinates":[[-74.8300854543249,38.9854337302926],[-74.8295110329988,38.9858568953913],[-74.8294194923933,38.9859260195491]]}},{"type":"Feature","id":64096,"properties":{"OBJECTID":64096,"PRIMENAME":"West Rio Grande Avenue","ELEVTYP_F":0,"ELEVTYP_T":0},"geometry":{"type":"LineString","coordinates":[[-74.826320900897,38.9854469961476],[-74.8269118008938,38.9859373007608],[-74.8269354627879,38.9859570048417]]}},{"type":"Feature","id":64192,"properties":{"OBJECTID":64192,"PRIMENAME":"Central Avenue","ELEVTYP_F":0,"ELEVTYP_T":0},"geometry":{"type":"LineString","coordinates":[[-74.8028171181631,38.9981546058058],[-74.8024368125047,38.9984706501897],[-74.8021661102039,38.9986943404131]]}},{"type":"Feature","id":64398,"properties":{"OBJECTID":64398,"PRIMENAME":"West Glenwood Avenue","ELEVTYP_F":0,"ELEVTYP_T":0},"geometry":{"type":"LineString","coordinates":[[-74.816432347375,38.9957175711206],[-74.816225567413,38.9955703784292],[-74.8151966143546,38.994836481537]]}},{"type":"Feature","id":64496,"properties":{"OBJECTID":64496,"PRIMENAME":"West Rio Grande Avenue","ELEVTYP_F":0,"ELEVTYP_T":0},"geometry":{"type":"LineString","coordinates":[[-74.8296903212456,38.988250185671],[-74.8299649151746,38.9884787145586]]}},{"type":"Feature","id":64781,"properties":{"OBJECTID":64781,"PRIMENAME":"Washington Avenue","ELEVTYP_F":0,"ELEVTYP_T":0},"geometry":{"type":"LineString","coordinates":[[-74.8230818281214,38.9858953854744],[-74.8224086056508,38.9863809821553]]}},{"type":"Feature","id":64962,"properties":{"OBJECTID":64962,"PRIMENAME":"West Juniper Avenue","ELEVTYP_F":0,"ELEVTYP_T":0},"geometry":{"type":"LineString","coordinates":[[-74.8104666672012,38.9940631118897],[-74.8106854490348,38.9942229139008],[-74.8118911454316,38.9950658000027],[-74.8119515379727,38.9951087755007]]}},{"type":"Feature","id":65289,"properties":{"OBJECTID":65289,"PRIMENAME":"West Andrews Avenue","ELEVTYP_F":0,"ELEVTYP_T":0},"geometry":{"type":"LineString","coordinates":[[-74.8255904372214,38.9869369947198],[-74.8249780772161,38.9864352239118]]}},{"type":"Feature","id":65524,"properties":{"OBJECTID":65524,"PRIMENAME":"East Heather Road","ELEVTYP_F":0,"ELEVTYP_T":0},"geometry":{"type":"LineString","coordinates":[[-74.8264019307601,38.9762193220823],[-74.8272430363581,38.9769261633342],[-74.8273462896816,38.9770119010357]]}},{"type":"Feature","id":65755,"properties":{"OBJECTID":65755,"PRIMENAME":"Susquehanna Avenue","ELEVTYP_F":0,"ELEVTYP_T":0},"geometry":{"type":"LineString","coordinates":[[-74.8243410743285,38.992165202264],[-74.8241415510703,38.9923142235551],[-74.8237371048273,38.9926096180359],[-74.8233816901908,38.9928632481172],[-74.8230142097275,38.9931333855052]]}},{"type":"Feature","id":65965,"properties":{"OBJECTID":65965,"PRIMENAME":"Park Boulevard","ELEVTYP_F":0,"ELEVTYP_T":0},"geometry":{"type":"LineString","coordinates":[[-74.8157459173557,38.9943706480694],[-74.8154774667576,38.994597383755],[-74.8151966143546,38.994836481537]]}},{"type":"Feature","id":66046,"properties":{"OBJECTID":66046,"PRIMENAME":"Park Boulevard","ELEVTYP_F":0,"ELEVTYP_T":0},"geometry":{"type":"LineString","coordinates":[[-74.8249241090463,38.9874282431071],[-74.8246292839884,38.987645627914]]}},{"type":"Feature","id":66156,"properties":{"OBJECTID":66156,"PRIMENAME":"East Lincoln Avenue","ELEVTYP_F":0,"ELEVTYP_T":0},"geometry":{"type":"LineString","coordinates":[[-74.8150308682083,38.9885861918136],[-74.8154247543607,38.9889131459566],[-74.8165354433508,38.9898403733828],[-74.816668427217,38.9899482540889]]}},{"type":"Feature","id":66158,"properties":{"OBJECTID":66158,"PRIMENAME":"New Jersey Avenue","ELEVTYP_F":0,"ELEVTYP_T":0},"geometry":{"type":"LineString","coordinates":[[-74.8180056001558,38.9889737434371],[-74.8175109033676,38.9893326265405],[-74.8173358369025,38.9894603723868]]}},{"type":"Feature","id":66627,"properties":{"OBJECTID":66627,"PRIMENAME":"New Jersey Avenue","ELEVTYP_F":0,"ELEVTYP_T":0},"geometry":{"type":"LineString","coordinates":[[-74.8068595814688,38.9970579292202],[-74.8063372965673,38.9974915781841],[-74.8062088246743,38.9975974650575]]}},{"type":"Feature","id":66672,"properties":{"OBJECTID":66672,"PRIMENAME":"East Lincoln Avenue","ELEVTYP_F":0,"ELEVTYP_T":0},"geometry":{"type":"LineString","coordinates":[[-74.8124393304008,38.9864336656242],[-74.8130402233043,38.9869320729077],[-74.8133902722311,38.9872232080348]]}},{"type":"Feature","id":67439,"properties":{"OBJECTID":67439,"PRIMENAME":"East Glenwood Avenue","ELEVTYP_F":0,"ELEVTYP_T":0},"geometry":{"type":"LineString","coordinates":[[-74.8092023889996,38.9905766175701],[-74.8082967126956,38.9899370374234],[-74.8077578023837,38.9895562935769]]}},{"type":"Feature","id":67758,"properties":{"OBJECTID":67758,"PRIMENAME":"East Cardinal Road","ELEVTYP_F":0,"ELEVTYP_T":0},"geometry":{"type":"LineString","coordinates":[[-74.8293409410632,38.9755551916147],[-74.8290625154687,38.9753270840761],[-74.8283925797344,38.9747651938292]]}},{"type":"Feature","id":68472,"properties":{"OBJECTID":68472,"PRIMENAME":"West Cresse Avenue","ELEVTYP_F":0,"ELEVTYP_T":0},"geometry":{"type":"LineString","coordinates":[[-74.8314191911681,38.984458719445],[-74.8308946217753,38.9840247985741],[-74.8302777323666,38.9835047265807]]}},{"type":"Feature","id":68652,"properties":{"OBJECTID":68652,"PRIMENAME":"East Poplar Avenue","ELEVTYP_F":0,"ELEVTYP_T":0},"geometry":{"type":"LineString","coordinates":[[-74.8080274813102,38.9914708049952],[-74.8077529974364,38.9912741040025],[-74.8071787239729,38.9908700013489],[-74.8066629572648,38.9904957273484]]}},{"type":"Feature","id":69385,"properties":{"OBJECTID":69385,"PRIMENAME":"East 19th Avenue","ELEVTYP_F":0,"ELEVTYP_T":0},"geometry":{"type":"LineString","coordinates":[[-74.8040017784817,38.9969905304497],[-74.804061502446,38.9970341991227],[-74.8041166381548,38.9970745014865]]}},{"type":"Feature","id":70150,"properties":{"OBJECTID":70150,"PRIMENAME":"East Maple Avenue","ELEVTYP_F":0,"ELEVTYP_T":0},"geometry":{"type":"LineString","coordinates":[[-74.8097822630268,38.9901327524417],[-74.8099541589976,38.9902586043272],[-74.8110628563949,38.991047938772],[-74.8115669518842,38.9913942724048]]}},{"type":"Feature","id":70303,"properties":{"OBJECTID":70303,"PRIMENAME":"Beach Avenue","ELEVTYP_F":0,"ELEVTYP_T":0},"geometry":{"type":"LineString","coordinates":[[-74.8264840586666,38.9752364094568],[-74.8264841824428,38.9752327020458],[-74.8264908368017,38.9752185974831],[-74.8265060673205,38.9752032599624],[-74.8266093693278,38.9751314970543],[-74.8270422343304,38.9748136608637],[-74.8270605103181,38.9748025983543],[-74.8270796549564,38.9747967241992],[-74.8270990268054,38.9747945825942]]}},{"type":"Feature","id":70403,"properties":{"OBJECTID":70403,"PRIMENAME":"East Wildwood Avenue","ELEVTYP_F":0,"ELEVTYP_T":0},"geometry":{"type":"LineString","coordinates":[[-74.8097114024613,38.9882435007989],[-74.8099018725864,38.9883778977546],[-74.8102454200662,38.9886239730519],[-74.8109717941777,38.9891411410043]]}},{"type":"Feature","id":70434,"properties":{"OBJECTID":70434,"PRIMENAME":"Arctic Avenue","ELEVTYP_F":0,"ELEVTYP_T":0},"geometry":{"type":"LineString","coordinates":[[-74.8216393829066,38.9888696008431],[-74.8223006459133,38.9883858813646]]}},{"type":"Feature","id":70567,"properties":{"OBJECTID":70567,"PRIMENAME":"West Cresse Avenue","ELEVTYP_F":0,"ELEVTYP_T":0},"geometry":{"type":"LineString","coordinates":[[-74.8296642358006,38.9829940322978],[-74.8292373007771,38.9826406130408],[-74.8285127488239,38.9820372241739],[-74.828030833848,38.9816368354395]]}},{"type":"Feature","id":70901,"properties":{"OBJECTID":70901,"PRIMENAME":"West Glenwood Avenue","ELEVTYP_F":0,"ELEVTYP_T":0},"geometry":{"type":"LineString","coordinates":[[-74.8180218311916,38.9968813250346],[-74.8178696887419,38.9967534576162],[-74.8177873532393,38.9966877369145],[-74.8176157845621,38.9965507918198],[-74.8174874658661,38.9964661851528]]}},{"type":"Feature","id":71203,"properties":{"OBJECTID":71203,"PRIMENAME":"West Heather Road","ELEVTYP_F":0,"ELEVTYP_T":0},"geometry":{"type":"LineString","coordinates":[[-74.8327475271894,38.9815038171735],[-74.833212766409,38.9818908895028],[-74.8333405748064,38.9819958274959]]}},{"type":"Feature","id":71638,"properties":{"OBJECTID":71638,"PRIMENAME":"Arion Avenue","ELEVTYP_F":0,"ELEVTYP_T":0},"geometry":{"type":"LineString","coordinates":[[-74.8216704666643,38.9987909123438],[-74.8212203974231,38.999162510478],[-74.8211355216824,38.9992323510771]]}},{"type":"Feature","id":73130,"properties":{"OBJECTID":73130,"PRIMENAME":"Arctic Avenue","ELEVTYP_F":0,"ELEVTYP_T":0},"geometry":{"type":"LineString","coordinates":[[-74.826320900897,38.9854469961476],[-74.8265830834292,38.9852535181346],[-74.8269883087596,38.9849556951938]]}},{"type":"Feature","id":73155,"properties":{"OBJECTID":73155,"PRIMENAME":"New Jersey Avenue","ELEVTYP_F":0,"ELEVTYP_T":0},"geometry":{"type":"LineString","coordinates":[[-74.8062088246743,38.9975974650575],[-74.8055600446022,38.9981323805339]]}},{"type":"Feature","id":73269,"properties":{"OBJECTID":73269,"PRIMENAME":"East 19th Avenue","ELEVTYP_F":0,"ELEVTYP_T":0},"geometry":{"type":"LineString","coordinates":[[-74.8025649843417,38.9959295400597],[-74.8034103289445,38.9965581727239],[-74.8040017784817,38.9969905304497]]}},{"type":"Feature","id":73638,"properties":{"OBJECTID":73638,"PRIMENAME":"East 20th Avenue","ELEVTYP_F":0,"ELEVTYP_T":0},"geometry":{"type":"LineString","coordinates":[[-74.8046539494741,38.9964499869841],[-74.8042574072736,38.9961585627009],[-74.8032148115152,38.9953918654529]]}},{"type":"Feature","id":73824,"properties":{"OBJECTID":73824,"PRIMENAME":"Susquehanna Avenue","ELEVTYP_F":0,"ELEVTYP_T":0},"geometry":{"type":"LineString","coordinates":[[-74.8290160864012,38.9887437588177],[-74.8296494889998,38.9882800655884],[-74.8296903212456,38.988250185671]]}},{"type":"Feature","id":73940,"properties":{"OBJECTID":73940,"PRIMENAME":"East Roberts Avenue","ELEVTYP_F":0,"ELEVTYP_T":0},"geometry":{"type":"LineString","coordinates":[[-74.8152300089835,38.983525836791],[-74.8157799075819,38.9839897702446]]}},{"type":"Feature","id":73950,"properties":{"OBJECTID":73950,"PRIMENAME":"New Jersey Avenue","ELEVTYP_F":0,"ELEVTYP_T":0},"geometry":{"type":"LineString","coordinates":[[-74.8306209758484,38.9797345092349],[-74.8300639068876,38.9801492258564],[-74.829966924188,38.9802188604675]]}},{"type":"Feature","id":74020,"properties":{"OBJECTID":74020,"PRIMENAME":"East Cresse Avenue","ELEVTYP_F":0,"ELEVTYP_T":0},"geometry":{"type":"LineString","coordinates":[[-74.8247517304858,38.9789074959038],[-74.8244322605559,38.9786427786799],[-74.8238701649979,38.9781684027417],[-74.8238076988415,38.9781168168438]]}},{"type":"Feature","id":74495,"properties":{"OBJECTID":74495,"PRIMENAME":"East Cardinal Road","ELEVTYP_F":0,"ELEVTYP_T":0},"geometry":{"type":"LineString","coordinates":[[-74.8326052889113,38.9782844196572],[-74.8321432131107,38.9778984617041],[-74.8313827581034,38.9772623251258],[-74.8309762066264,38.9769217858896]]}},{"type":"Feature","id":74994,"properties":{"OBJECTID":74994,"PRIMENAME":"Cresse Avenue","ELEVTYP_F":0,"ELEVTYP_T":0},"geometry":{"type":"LineString","coordinates":[[-74.8325889819479,38.9853182438127],[-74.8323478871051,38.9852217824072],[-74.83230630344,38.9851959964756],[-74.8322989403255,38.9851897960731]]}},{"type":"Feature","id":75533,"properties":{"OBJECTID":75533,"PRIMENAME":"Susquehanna Avenue","ELEVTYP_F":0,"ELEVTYP_T":0},"geometry":{"type":"LineString","coordinates":[[-74.8230142097275,38.9931333855052],[-74.8230108846682,38.9931358288436],[-74.8228138624951,38.9932806230805],[-74.8224544121749,38.9935535372603],[-74.8223466756458,38.99363173442]]}},{"type":"Feature","id":75664,"properties":{"OBJECTID":75664,"PRIMENAME":"West Davis Avenue","ELEVTYP_F":0,"ELEVTYP_T":0},"geometry":{"type":"LineString","coordinates":[[-74.8242560827892,38.9879197121912],[-74.8239662229888,38.9876757254415],[-74.8236444119888,38.9874068672337]]}},{"type":"Feature","id":75881,"properties":{"OBJECTID":75881,"PRIMENAME":"West Roberts Avenue","ELEVTYP_F":0,"ELEVTYP_T":0},"geometry":{"type":"LineString","coordinates":[[-74.8222542530262,38.989382227539],[-74.8230658116112,38.9900574097654],[-74.8234000059212,38.9903392228678]]}},{"type":"Feature","id":75958,"properties":{"OBJECTID":75958,"PRIMENAME":"Central Avenue","ELEVTYP_F":0,"ELEVTYP_T":0},"geometry":{"type":"LineString","coordinates":[[-74.8047675406255,38.996533493152],[-74.8041166381548,38.9970745014865]]}},{"type":"Feature","id":77313,"properties":{"OBJECTID":77313,"PRIMENAME":"West Rio Grande Avenue","ELEVTYP_F":0,"ELEVTYP_T":0},"geometry":{"type":"LineString","coordinates":[[-74.8299649151746,38.9884787145586],[-74.8300383453207,38.9885398764566],[-74.8303968060017,38.9888377462089]]}},{"type":"Feature","id":77353,"properties":{"OBJECTID":77353,"PRIMENAME":"East Youngs Avenue","ELEVTYP_F":0,"ELEVTYP_T":0},"geometry":{"type":"LineString","coordinates":[[-74.8193442596314,38.9879937216137],[-74.8185092883124,38.9873014435452],[-74.8177043266998,38.9866369477426]]}},{"type":"Feature","id":77656,"properties":{"OBJECTID":77656,"PRIMENAME":"West Spicer Avenue","ELEVTYP_F":0,"ELEVTYP_T":0},"geometry":{"type":"LineString","coordinates":[[-74.8213972199806,38.9917957952956],[-74.8202516381051,38.9908447663059]]}},{"type":"Feature","id":77822,"properties":{"OBJECTID":77822,"PRIMENAME":"East Oak Avenue","ELEVTYP_F":0,"ELEVTYP_T":0},"geometry":{"type":"LineString","coordinates":[[-74.8103231519749,38.9877160470819],[-74.8099758287938,38.9874748412638]]}},{"type":"Feature","id":77956,"properties":{"OBJECTID":77956,"PRIMENAME":"Ocean Avenue","ELEVTYP_F":0,"ELEVTYP_T":0},"geometry":{"type":"LineString","coordinates":[[-74.8164481827256,38.9835020836367],[-74.8161087852539,38.9837456533948],[-74.8157799075819,38.9839897702446]]}},{"type":"Feature","id":78815,"properties":{"OBJECTID":78815,"PRIMENAME":"Beach Avenue","ELEVTYP_F":0,"ELEVTYP_T":0},"geometry":{"type":"LineString","coordinates":[[-74.8251452361789,38.9761993258597],[-74.8252680856146,38.976109359029],[-74.8256972512014,38.9757953551445],[-74.8257270275893,38.9757758313417],[-74.8257617721264,38.9757582710637],[-74.8257891133183,38.9757523463125]]}},{"type":"Feature","id":78859,"properties":{"OBJECTID":78859,"PRIMENAME":"West 22nd Avenue","ELEVTYP_F":0,"ELEVTYP_T":0},"geometry":{"type":"LineString","coordinates":[[-74.8104339015874,38.9986599496606],[-74.8091185105742,38.9976944638243],[-74.8089719076534,38.9975870512482]]}},{"type":"Feature","id":79655,"properties":{"OBJECTID":79655,"PRIMENAME":"West Roberts Avenue","ELEVTYP_F":0,"ELEVTYP_T":0},"geometry":{"type":"LineString","coordinates":[[-74.8200035241459,38.9875097728015],[-74.8209137997832,38.9882632026299],[-74.8216393829066,38.9888696008431]]}},{"type":"Feature","id":80405,"properties":{"OBJECTID":80405,"PRIMENAME":"Central Avenue","ELEVTYP_F":0,"ELEVTYP_T":0},"geometry":{"type":"LineString","coordinates":[[-74.8021661102039,38.9986943404131],[-74.8015135074792,38.999233580899]]}},{"type":"Feature","id":80702,"properties":{"OBJECTID":80702,"PRIMENAME":"Atlantic Avenue","ELEVTYP_F":0,"ELEVTYP_T":0},"geometry":{"type":"LineString","coordinates":[[-74.8227597393594,38.9803714772351],[-74.8223085752062,38.9806997816853],[-74.8220830856078,38.98086545636]]}},{"type":"Feature","id":81011,"properties":{"OBJECTID":81011,"PRIMENAME":"West Rio Grande Avenue","ELEVTYP_F":0,"ELEVTYP_T":0},"geometry":{"type":"LineString","coordinates":[[-74.831258248072,38.9892246635685],[-74.8313295059073,38.9892421172841],[-74.8316650718133,38.9893666759231],[-74.8334233924087,38.9900065256894]]}},{"type":"Feature","id":81470,"properties":{"OBJECTID":81470,"PRIMENAME":"West Magnolia Avenue","ELEVTYP_F":0,"ELEVTYP_T":0},"geometry":{"type":"LineString","coordinates":[[-74.8130495693249,38.9941655502172],[-74.8131259146647,38.9942195755464],[-74.8138266479658,38.9947215540192],[-74.8146453563862,38.9953072057485]]}},{"type":"Feature","id":81773,"properties":{"OBJECTID":81773,"PRIMENAME":"Seaview Avenue","ELEVTYP_F":0,"ELEVTYP_T":0},"geometry":{"type":"LineString","coordinates":[[-74.8273939076952,38.9780708677588],[-74.8270893677339,38.978292157337],[-74.8267482312917,38.9785420519863]]}},{"type":"Feature","id":81870,"properties":{"OBJECTID":81870,"PRIMENAME":"West Wildwood Avenue","ELEVTYP_F":0,"ELEVTYP_T":0},"geometry":{"type":"LineString","coordinates":[[-74.8181531186257,38.994245570794],[-74.8186746537965,38.9946154402257],[-74.8196682037102,38.9953332293267],[-74.8198884579406,38.9954861453988]]}},{"type":"Feature","id":81953,"properties":{"OBJECTID":81953,"PRIMENAME":"East Rosemary Road","ELEVTYP_F":0,"ELEVTYP_T":0},"geometry":{"type":"LineString","coordinates":[[-74.8335938065004,38.9750020702799],[-74.8345828725901,38.9758325209133],[-74.8352248079183,38.9763673533166]]}},{"type":"Feature","id":82200,"properties":{"OBJECTID":82200,"PRIMENAME":"Atlantic Avenue","ELEVTYP_F":0,"ELEVTYP_T":0},"geometry":{"type":"LineString","coordinates":[[-74.8266961812182,38.9774885621322],[-74.8271483006736,38.9771552128891],[-74.8273462896816,38.9770119010357]]}},{"type":"Feature","id":82379,"properties":{"OBJECTID":82379,"PRIMENAME":"East 25th Avenue","ELEVTYP_F":0,"ELEVTYP_T":0},"geometry":{"type":"LineString","coordinates":[[-74.8048281946777,38.9914874173761],[-74.8049925401967,38.9916094802142],[-74.8063942856308,38.9926410438256],[-74.8064684791608,38.992695271069]]}},{"type":"Feature","id":83252,"properties":{"OBJECTID":83252,"PRIMENAME":"Hudson Avenue","ELEVTYP_F":0,"ELEVTYP_T":0},"geometry":{"type":"LineString","coordinates":[[-74.8287554097135,38.9864158286111],[-74.8282067846566,38.9868062663303],[-74.8280740736959,38.9869048031333]]}},{"type":"Feature","id":83324,"properties":{"OBJECTID":83324,"PRIMENAME":"Atlantic Avenue","ELEVTYP_F":0,"ELEVTYP_T":0},"geometry":{"type":"LineString","coordinates":[[-74.8051662136166,38.9937728563653],[-74.8049069771767,38.9939891378214],[-74.8045154814568,38.9943138946228]]}},{"type":"Feature","id":83749,"properties":{"OBJECTID":83749,"PRIMENAME":"Delaware Avenue","ELEVTYP_F":0,"ELEVTYP_T":0},"geometry":{"type":"LineString","coordinates":[[-74.811741749149,38.9975774593148],[-74.8111715992319,38.998051320003],[-74.8110841204924,38.9981231917039]]}},{"type":"Feature","id":84160,"properties":{"OBJECTID":84160,"PRIMENAME":"East Pine Avenue","ELEVTYP_F":0,"ELEVTYP_T":0},"geometry":{"type":"LineString","coordinates":[[-74.8103626772382,38.989660930051],[-74.8100927561132,38.9894698509651],[-74.8093832149156,38.9889632874589],[-74.808874130773,38.9885959789808]]}},{"type":"Feature","id":84471,"properties":{"OBJECTID":84471,"PRIMENAME":"Atlantic Avenue","ELEVTYP_F":0,"ELEVTYP_T":0},"geometry":{"type":"LineString","coordinates":[[-74.81220399412,38.9880913829789],[-74.8121946570614,38.9880992851207],[-74.8119338762548,38.988319955665],[-74.8115881411267,38.9886192970874]]}},{"type":"Feature","id":84499,"properties":{"OBJECTID":84499,"PRIMENAME":"Cardinal Road","ELEVTYP_F":0,"ELEVTYP_T":0},"geometry":{"type":"LineString","coordinates":[[-74.8348567708432,38.980151716939],[-74.834550890199,38.9798981637782]]}},{"type":"Feature","id":84642,"properties":{"OBJECTID":84642,"PRIMENAME":"East 26th Avenue","ELEVTYP_F":0,"ELEVTYP_T":0},"geometry":{"type":"LineString","coordinates":[[-74.810110883561,38.9943576702192],[-74.8094498046502,38.9938729184338],[-74.8090303517148,38.9935575719996]]}},{"type":"Feature","id":84720,"properties":{"OBJECTID":84720,"PRIMENAME":"East 26th Avenue","ELEVTYP_F":0,"ELEVTYP_T":0},"geometry":{"type":"LineString","coordinates":[[-74.8086109614589,38.9932552674768],[-74.8090303517148,38.9935575719996]]}},{"type":"Feature","id":84727,"properties":{"OBJECTID":84727,"PRIMENAME":"West Garfield Avenue","ELEVTYP_F":0,"ELEVTYP_T":0},"geometry":{"type":"LineString","coordinates":[[-74.8173358369025,38.9894603723868],[-74.8175719878131,38.989656578652],[-74.8188991001246,38.9907641453246],[-74.8189717091807,38.9908242461914]]}},{"type":"Feature","id":85286,"properties":{"OBJECTID":85286,"PRIMENAME":"Central Avenue","ELEVTYP_F":0,"ELEVTYP_T":0},"geometry":{"type":"LineString","coordinates":[[-74.8060644063322,38.9954555422323],[-74.8054138401248,38.9959963371832]]}},{"type":"Feature","id":86186,"properties":{"OBJECTID":86186,"PRIMENAME":"Park Boulevard","ELEVTYP_F":0,"ELEVTYP_T":0},"geometry":{"type":"LineString","coordinates":[[-74.8202516381051,38.9908447663059],[-74.8198725847649,38.9911238496162],[-74.8195874763333,38.9913335340068]]}},{"type":"Feature","id":86215,"properties":{"OBJECTID":86215,"PRIMENAME":"Park Boulevard","ELEVTYP_F":0,"ELEVTYP_T":0},"geometry":{"type":"LineString","coordinates":[[-74.8229205654462,38.9888946736816],[-74.8225851100659,38.9891392673226],[-74.8222542530262,38.989382227539]]}},{"type":"Feature","id":86363,"properties":{"OBJECTID":86363,"PRIMENAME":"Seaview Avenue","ELEVTYP_F":0,"ELEVTYP_T":0},"geometry":{"type":"LineString","coordinates":[[-74.8261045883558,38.9790135566502],[-74.8258781996518,38.9791794060563],[-74.8254523479062,38.9794914247121]]}},{"type":"Feature","id":86465,"properties":{"OBJECTID":86465,"PRIMENAME":"East Roberts Avenue","ELEVTYP_F":0,"ELEVTYP_T":0},"geometry":{"type":"LineString","coordinates":[[-74.816728373315,38.9847832472731],[-74.8169285959307,38.9849499528184],[-74.8182678395659,38.9860702077594],[-74.8183709284623,38.9861501052995]]}},{"type":"Feature","id":86496,"properties":{"OBJECTID":86496,"PRIMENAME":"East Leaming Avenue","ELEVTYP_F":0,"ELEVTYP_T":0},"geometry":{"type":"LineString","coordinates":[[-74.8243945922466,38.9817434626701],[-74.825009955507,38.9822578038226],[-74.8260303871456,38.9830999353804]]}},{"type":"Feature","id":86636,"properties":{"OBJECTID":86636,"PRIMENAME":"West Montgomery Avenue","ELEVTYP_F":0,"ELEVTYP_T":0},"geometry":{"type":"LineString","coordinates":[[-74.8213386987035,38.9865337193101],[-74.8217497021024,38.9868686227461]]}},{"type":"Feature","id":87064,"properties":{"OBJECTID":87064,"PRIMENAME":"Pacific Avenue","ELEVTYP_F":0,"ELEVTYP_T":0},"geometry":{"type":"LineString","coordinates":[[-74.8139644336862,38.9893688570843],[-74.8138826782334,38.9894272620632],[-74.813785023042,38.9895094691387],[-74.8137838994452,38.9895104153652],[-74.8137660552722,38.989525436616],[-74.8133581991078,38.98987547432]]}},{"type":"Feature","id":87244,"properties":{"OBJECTID":87244,"PRIMENAME":"East Juniper Avenue","ELEVTYP_F":0,"ELEVTYP_T":0},"geometry":{"type":"LineString","coordinates":[[-74.8061209359333,38.990959659738],[-74.80706427705,38.9916371605089],[-74.8074473967552,38.9919116142633]]}},{"type":"Feature","id":87301,"properties":{"OBJECTID":87301,"PRIMENAME":"Venice Avenue","ELEVTYP_F":0,"ELEVTYP_T":0},"geometry":{"type":"LineString","coordinates":[[-74.8181725790033,38.9978842457393],[-74.8181732801411,38.9978835573698],[-74.8182351437663,38.9978136168175],[-74.818393494795,38.9975948363434],[-74.818571561671,38.9973394817316]]}},{"type":"Feature","id":87464,"properties":{"OBJECTID":87464,"PRIMENAME":"Pacific Avenue","ELEVTYP_F":0,"ELEVTYP_T":0},"geometry":{"type":"LineString","coordinates":[[-74.8257312912255,38.9807682872596],[-74.8254364780499,38.9809814726399],[-74.8250565421027,38.9812593675557]]}},{"type":"Feature","id":87546,"properties":{"OBJECTID":87546,"PRIMENAME":"East Wildwood Avenue","ELEVTYP_F":0,"ELEVTYP_T":0},"geometry":{"type":"LineString","coordinates":[[-74.8109717941777,38.9891411410043],[-74.8113918958597,38.9894402228937],[-74.8118773955034,38.9897846824753],[-74.8127447185522,38.9904005322706]]}},{"type":"Feature","id":87734,"properties":{"OBJECTID":87734,"PRIMENAME":"New Jersey Avenue","ELEVTYP_F":0,"ELEVTYP_T":0},"geometry":{"type":"LineString","coordinates":[[-74.8233423449842,38.9850662709674],[-74.8227692149619,38.9854879165575],[-74.8226783983855,38.985554892082]]}},{"type":"Feature","id":88360,"properties":{"OBJECTID":88360,"PRIMENAME":"East Crocus Road","ELEVTYP_F":0,"ELEVTYP_T":0},"geometry":{"type":"LineString","coordinates":[[-74.8270569086613,38.9757402877184],[-74.8265023413287,38.9752802917522],[-74.8264920082362,38.9752671130621],[-74.8264878734742,38.9752551250914],[-74.826483779011,38.9752443729963],[-74.8264840586666,38.9752364094568]]}},{"type":"Feature","id":88547,"properties":{"OBJECTID":88547,"PRIMENAME":"East Montgomery Avenue","ELEVTYP_F":0,"ELEVTYP_T":0},"geometry":{"type":"LineString","coordinates":[[-74.8197063395046,38.9851723669839],[-74.8209936908957,38.9862279037679],[-74.821237563432,38.9864512380473],[-74.8213386987035,38.9865337193101]]}},{"type":"Feature","id":89547,"properties":{"OBJECTID":89547,"PRIMENAME":"Arctic Avenue","ELEVTYP_F":0,"ELEVTYP_T":0},"geometry":{"type":"LineString","coordinates":[[-74.8236444119888,38.9874068672337],[-74.8243115470507,38.9869208128767]]}},{"type":"Feature","id":89978,"properties":{"OBJECTID":89978,"PRIMENAME":"West Montgomery Avenue","ELEVTYP_F":0,"ELEVTYP_T":0},"geometry":{"type":"LineString","coordinates":[[-74.8229770896909,38.9878925876504],[-74.823591996068,38.9884050703492]]}},{"type":"Feature","id":90278,"properties":{"OBJECTID":90278,"PRIMENAME":"Mediterranean Avenue","ELEVTYP_F":0,"ELEVTYP_T":0},"geometry":{"type":"LineString","coordinates":[[-74.8305756885567,38.9900879414981],[-74.8305752085325,38.99010559889],[-74.8305641414604,38.9901243565018],[-74.8305474060614,38.9901420049913],[-74.8304452529282,38.9902223631168],[-74.8300690152477,38.99049985179],[-74.8299587315347,38.9905798198899]]}},{"type":"Feature","id":90491,"properties":{"OBJECTID":90491,"PRIMENAME":"Ocean Avenue","ELEVTYP_F":0,"ELEVTYP_T":0},"geometry":{"type":"LineString","coordinates":[[-74.8083179618901,38.9890771485312],[-74.8077578023837,38.9895562935769]]}},{"type":"Feature","id":90562,"properties":{"OBJECTID":90562,"PRIMENAME":"Lake Road","ELEVTYP_F":0,"ELEVTYP_T":0},"geometry":{"type":"LineString","coordinates":[[-74.8205028441873,38.9959127549739],[-74.8203149748423,38.9959270829154],[-74.82015488451,38.9959217009216],[-74.8194350487,38.9958792739253]]}},{"type":"Feature","id":91067,"properties":{"OBJECTID":91067,"PRIMENAME":"Park Boulevard","ELEVTYP_F":0,"ELEVTYP_T":0},"geometry":{"type":"LineString","coordinates":[[-74.8195874763333,38.9913335340068],[-74.8192892151393,38.9915528370781],[-74.8189641803221,38.9917886326193],[-74.8189200972734,38.9918207148669]]}},{"type":"Feature","id":91251,"properties":{"OBJECTID":91251,"PRIMENAME":"Arctic Avenue","ELEVTYP_F":0,"ELEVTYP_T":0},"geometry":{"type":"LineString","coordinates":[[-74.8269883087596,38.9849556951938],[-74.8276576930279,38.9844637128003]]}},{"type":"Feature","id":91615,"properties":{"OBJECTID":91615,"PRIMENAME":"East Oak Avenue","ELEVTYP_F":0,"ELEVTYP_T":0},"geometry":{"type":"LineString","coordinates":[[-74.8150879436158,38.991103698321],[-74.814732698984,38.9908526160324],[-74.813741818513,38.9901483962783],[-74.8133581991078,38.98987547432]]}},{"type":"Feature","id":91620,"properties":{"OBJECTID":91620,"PRIMENAME":"New Jersey Avenue","ELEVTYP_F":0,"ELEVTYP_T":0},"geometry":{"type":"LineString","coordinates":[[-74.8312719941533,38.979257714877],[-74.8309483788443,38.9794907663607],[-74.8306209758484,38.9797345092349]]}},{"type":"Feature","id":91809,"properties":{"OBJECTID":91809,"PRIMENAME":"Atlantic Avenue","ELEVTYP_F":0,"ELEVTYP_T":0},"geometry":{"type":"LineString","coordinates":[[-74.8115881411267,38.9886192970874],[-74.8114424358551,38.9887454179356],[-74.8110425935291,38.989079252993],[-74.8109717941777,38.9891411410043]]}},{"type":"Feature","id":91915,"properties":{"OBJECTID":91915,"PRIMENAME":"West Burk Avenue","ELEVTYP_F":0,"ELEVTYP_T":0},"geometry":{"type":"LineString","coordinates":[[-74.8226783983855,38.985554892082],[-74.8230818281214,38.9858953854744]]}},{"type":"Feature","id":91959,"properties":{"OBJECTID":91959,"PRIMENAME":"Lake Avenue","ELEVTYP_F":0,"ELEVTYP_T":0},"geometry":{"type":"LineString","coordinates":[[-74.8163915709369,38.9974096937397],[-74.8160423542037,38.9977072178095],[-74.8158425346634,38.9978764626042]]}},{"type":"Feature","id":92061,"properties":{"OBJECTID":92061,"PRIMENAME":"East Hildreth Avenue","ELEVTYP_F":0,"ELEVTYP_T":0},"geometry":{"type":"LineString","coordinates":[[-74.8240850207945,38.9794004158433],[-74.824201447048,38.9794971850391],[-74.8251930673311,38.9803118361462],[-74.8257312912255,38.9807682872596]]}},{"type":"Feature","id":92661,"properties":{"OBJECTID":92661,"PRIMENAME":"East 19th Avenue","ELEVTYP_F":0,"ELEVTYP_T":0},"geometry":{"type":"LineString","coordinates":[[-74.8009228196207,38.9947200163672],[-74.8016140427517,38.9952223125944],[-74.8025649843417,38.9959295400597]]}},{"type":"Feature","id":93707,"properties":{"OBJECTID":93707,"PRIMENAME":"Hudson Avenue","ELEVTYP_F":0,"ELEVTYP_T":0},"geometry":{"type":"LineString","coordinates":[[-74.830749466016,38.9849474839342],[-74.8303359009544,38.9852492974182],[-74.8300854543249,38.9854337302926]]}},{"type":"Feature","id":93928,"properties":{"OBJECTID":93928,"PRIMENAME":"Beach Avenue","ELEVTYP_F":0,"ELEVTYP_T":0},"geometry":{"type":"LineString","coordinates":[[-74.8232236580183,38.9776031515057],[-74.8232559140919,38.9775796396413],[-74.823535079232,38.9773761296967],[-74.8238641257005,38.9771362559289]]}},{"type":"Feature","id":93937,"properties":{"OBJECTID":93937,"PRIMENAME":"East Pine Avenue","ELEVTYP_F":0,"ELEVTYP_T":0},"geometry":{"type":"LineString","coordinates":[[-74.8121323216417,38.990926270521],[-74.8118106700842,38.9907029874056],[-74.8111682814488,38.9902310999546],[-74.8103626772382,38.989660930051]]}},{"type":"Feature","id":94194,"properties":{"OBJECTID":94194,"PRIMENAME":"East 24th Avenue","ELEVTYP_F":0,"ELEVTYP_T":0},"geometry":{"type":"LineString","coordinates":[[-74.8058141008021,38.9932347884436],[-74.8052896968872,38.9928510027378],[-74.8041745137536,38.9920259626249]]}},{"type":"Feature","id":94473,"properties":{"OBJECTID":94473,"PRIMENAME":"Hudson Avenue","ELEVTYP_F":0,"ELEVTYP_T":0},"geometry":{"type":"LineString","coordinates":[[-74.8234000059212,38.9903392228678],[-74.8240674924455,38.9898466621919]]}},{"type":"Feature","id":94724,"properties":{"OBJECTID":94724,"PRIMENAME":"East Roberts Avenue","ELEVTYP_F":0,"ELEVTYP_T":0},"geometry":{"type":"LineString","coordinates":[[-74.8157799075819,38.9839897702446],[-74.8161078646152,38.9842664045786],[-74.816728373315,38.9847832472731]]}},{"type":"Feature","id":94749,"properties":{"OBJECTID":94749,"PRIMENAME":"East 18th Avenue","ELEVTYP_F":0,"ELEVTYP_T":0},"geometry":{"type":"LineString","coordinates":[[-74.8019127969985,38.9964688638968],[-74.8015900370129,38.9962316895853],[-74.8002662847854,38.9952635169292]]}},{"type":"Feature","id":94915,"properties":{"OBJECTID":94915,"PRIMENAME":"Lake Road","ELEVTYP_F":0,"ELEVTYP_T":0},"geometry":{"type":"LineString","coordinates":[[-74.8334689101746,38.9810804637648],[-74.8333678456563,38.981787229942],[-74.8333405748064,38.9819958274959]]}},{"type":"Feature","id":95909,"properties":{"OBJECTID":95909,"PRIMENAME":"New Jersey Avenue","ELEVTYP_F":0,"ELEVTYP_T":0},"geometry":{"type":"LineString","coordinates":[[-74.8226783983855,38.985554892082],[-74.8223691967036,38.9857827177916],[-74.822004610258,38.986047764308]]}},{"type":"Feature","id":95990,"properties":{"OBJECTID":95990,"PRIMENAME":"East Hand Avenue","ELEVTYP_F":0,"ELEVTYP_T":0},"geometry":{"type":"LineString","coordinates":[[-74.8237266729814,38.982232100114],[-74.8229892328335,38.9816067458846],[-74.8225337480652,38.9812401724856],[-74.8220830856078,38.98086545636]]}},{"type":"Feature","id":96063,"properties":{"OBJECTID":96063,"PRIMENAME":"West Heather Road","ELEVTYP_F":0,"ELEVTYP_T":0},"geometry":{"type":"LineString","coordinates":[[-74.8306209758484,38.9797345092349],[-74.8308271148465,38.9799062542663],[-74.8319945306054,38.9808774111362],[-74.8327475271894,38.9815038171735]]}},{"type":"Feature","id":96222,"properties":{"OBJECTID":96222,"PRIMENAME":"East Spicer Avenue","ELEVTYP_F":0,"ELEVTYP_T":0},"geometry":{"type":"LineString","coordinates":[[-74.8180056001558,38.9889737434371],[-74.8174448030281,38.9885076263616],[-74.8163653287715,38.9876116250806]]}},{"type":"Feature","id":96388,"properties":{"OBJECTID":96388,"PRIMENAME":"Susquehanna Avenue","ELEVTYP_F":0,"ELEVTYP_T":0},"geometry":{"type":"LineString","coordinates":[[-74.8272729553878,38.9900196819651],[-74.8273856646174,38.9899377988549],[-74.8273877297293,38.9899362985273]]}},{"type":"Feature","id":97167,"properties":{"OBJECTID":97167,"PRIMENAME":"New Jersey Avenue","ELEVTYP_F":0,"ELEVTYP_T":0},"geometry":{"type":"LineString","coordinates":[[-74.816668427217,38.9899482540889],[-74.8161941415018,38.9902954063791],[-74.8159992879526,38.9904370699252]]}},{"type":"Feature","id":97817,"properties":{"OBJECTID":97817,"PRIMENAME":"Atlantic Avenue","ELEVTYP_F":0,"ELEVTYP_T":0},"geometry":{"type":"LineString","coordinates":[[-74.8097822630268,38.9901327524417],[-74.8095555197826,38.9903066714827],[-74.8092429979856,38.9905456742695],[-74.8092023889996,38.9905766175701]]}},{"type":"Feature","id":98105,"properties":{"OBJECTID":98105,"PRIMENAME":"Susquehanna Avenue","ELEVTYP_F":0,"ELEVTYP_T":0},"geometry":{"type":"LineString","coordinates":[[-74.8273877297293,38.9899362985273],[-74.8276839018022,38.9897211822373]]}},{"type":"Feature","id":98658,"properties":{"OBJECTID":98658,"PRIMENAME":"West 25th Avenue","ELEVTYP_F":0,"ELEVTYP_T":0},"geometry":{"type":"LineString","coordinates":[[-74.8109223610608,38.9959683337788],[-74.8123121543234,38.9969871711753],[-74.8123880154912,38.9970426270227]]}},{"type":"Feature","id":100233,"properties":{"OBJECTID":100233,"PRIMENAME":"Park Boulevard","ELEVTYP_F":0,"ELEVTYP_T":0},"geometry":{"type":"LineString","coordinates":[[-74.823591996068,38.9884050703492],[-74.8229205654462,38.9888946736816]]}},{"type":"Feature","id":103134,"properties":{"OBJECTID":103134,"PRIMENAME":"East Montgomery Avenue","ELEVTYP_F":0,"ELEVTYP_T":0},"geometry":{"type":"LineString","coordinates":[[-74.8180672689388,38.983798927304],[-74.8183580793787,38.9840431461399],[-74.8196025936541,38.9850873104538],[-74.8197063395046,38.9851723669839]]}},{"type":"Feature","id":103138,"properties":{"OBJECTID":103138,"PRIMENAME":"Pacific Avenue","ELEVTYP_F":0,"ELEVTYP_T":0},"geometry":{"type":"LineString","coordinates":[[-74.8243945922466,38.9817434626701],[-74.823940839317,38.9820753227548],[-74.8237266729814,38.982232100114]]}},{"type":"Feature","id":104214,"properties":{"OBJECTID":104214,"PRIMENAME":"East Wisteria Road","ELEVTYP_F":0,"ELEVTYP_T":0},"geometry":{"type":"LineString","coordinates":[[-74.8313725251914,38.9751647749874],[-74.8323099029865,38.9759448404656]]}},{"type":"Feature","id":105631,"properties":{"OBJECTID":105631,"PRIMENAME":"West Andrews Avenue","ELEVTYP_F":0,"ELEVTYP_T":0},"geometry":{"type":"LineString","coordinates":[[-74.8308558938575,38.9913269485245],[-74.8299587315347,38.9905798198899]]}},{"type":"Feature","id":107166,"properties":{"OBJECTID":107166,"PRIMENAME":"East 23rd Avenue","ELEVTYP_F":0,"ELEVTYP_T":0},"geometry":{"type":"LineString","coordinates":[[-74.8067169966251,38.9949131185441],[-74.8077516111536,38.9956741760733],[-74.8081639778648,38.9959769426173]]}},{"type":"Feature","id":107580,"properties":{"OBJECTID":107580,"PRIMENAME":"New Jersey Avenue","ELEVTYP_F":0,"ELEVTYP_T":0},"geometry":{"type":"LineString","coordinates":[[-74.8094678726545,38.994894843564],[-74.8089970680857,38.9952893777235],[-74.8088201152859,38.9954354302555]]}},{"type":"Feature","id":107609,"properties":{"OBJECTID":107609,"PRIMENAME":"West Taylor Avenue","ELEVTYP_F":0,"ELEVTYP_T":0},"geometry":{"type":"LineString","coordinates":[[-74.8262620936892,38.9864510544139],[-74.8270144353831,38.9870784319638],[-74.8274025048464,38.9874002270637]]}},{"type":"Feature","id":108210,"properties":{"OBJECTID":108210,"PRIMENAME":"East 17th Avenue","ELEVTYP_F":0,"ELEVTYP_T":0},"geometry":{"type":"LineString","coordinates":[[-74.8012580113101,38.9970119536674],[-74.8021053131588,38.997637103373],[-74.8027000007866,38.9980694322063]]}},{"type":"Feature","id":108575,"properties":{"OBJECTID":108575,"PRIMENAME":"East Columbine Road","ELEVTYP_F":0,"ELEVTYP_T":0},"geometry":{"type":"LineString","coordinates":[[-74.8329525931123,38.975472370852],[-74.832479265383,38.9750765609171],[-74.8320181650074,38.9746914507637]]}},{"type":"Feature","id":108654,"properties":{"OBJECTID":108654,"PRIMENAME":"West Hand Avenue","ELEVTYP_F":0,"ELEVTYP_T":0},"geometry":{"type":"LineString","coordinates":[[-74.8287554097135,38.9864158286111],[-74.8285578001986,38.9862504819826],[-74.8281022192937,38.985875775442],[-74.8276079777575,38.9854627339429]]}},{"type":"Feature","id":108667,"properties":{"OBJECTID":108667,"PRIMENAME":"East 24th Avenue","ELEVTYP_F":0,"ELEVTYP_T":0},"geometry":{"type":"LineString","coordinates":[[-74.8041745137536,38.9920259626249],[-74.8036351096628,38.9916268316304],[-74.8024373891172,38.9907361984182]]}},{"type":"Feature","id":111528,"properties":{"OBJECTID":111528,"PRIMENAME":"East Aster Road","ELEVTYP_F":0,"ELEVTYP_T":0},"geometry":{"type":"LineString","coordinates":[[-74.8302942144127,38.9774208808841],[-74.8304651398527,38.977563976967],[-74.8314345499186,38.9783738049881],[-74.8319260299851,38.9787814289784]]}},{"type":"Feature","id":111790,"properties":{"OBJECTID":111790,"PRIMENAME":"East Baker Avenue","ELEVTYP_F":0,"ELEVTYP_T":0},"geometry":{"type":"LineString","coordinates":[[-74.8164481827256,38.9835020836367],[-74.8158957838614,38.983037445677]]}},{"type":"Feature","id":112380,"properties":{"OBJECTID":112380,"PRIMENAME":"East Andrews Avenue","ELEVTYP_F":0,"ELEVTYP_T":0},"geometry":{"type":"LineString","coordinates":[[-74.8233423449842,38.9850662709674],[-74.8230379952279,38.9848125196109],[-74.8217936257453,38.9837792929238],[-74.8217073969773,38.9837092370864]]}},{"type":"Feature","id":112407,"properties":{"OBJECTID":112407,"PRIMENAME":"East Crocus Road","ELEVTYP_F":0,"ELEVTYP_T":0},"geometry":{"type":"LineString","coordinates":[[-74.8280032749046,38.9765329936252],[-74.8277743716244,38.9763414820641],[-74.8270569086613,38.9757402877184]]}},{"type":"Feature","id":112888,"properties":{"OBJECTID":112888,"PRIMENAME":"West Andrews Avenue","ELEVTYP_F":0,"ELEVTYP_T":0},"geometry":{"type":"LineString","coordinates":[[-74.8267372408297,38.9878919223898],[-74.8258823540361,38.9871761656051],[-74.8255904372214,38.9869369947198]]}},{"type":"Feature","id":113704,"properties":{"OBJECTID":113704,"PRIMENAME":"New Jersey Avenue","ELEVTYP_F":0,"ELEVTYP_T":0},"geometry":{"type":"LineString","coordinates":[[-74.8273598008284,38.982123388973],[-74.8270395547436,38.9823603190332],[-74.8266960160234,38.9826123894012]]}},{"type":"Feature","id":114021,"properties":{"OBJECTID":114021,"PRIMENAME":"New York Avenue","ELEVTYP_F":0,"ELEVTYP_T":0},"geometry":{"type":"LineString","coordinates":[[-74.8135979296203,38.9936996194197],[-74.8140836613095,38.9932834165396],[-74.8141379989788,38.9932300562384]]}},{"type":"Feature","id":114032,"properties":{"OBJECTID":114032,"PRIMENAME":"Atlantic Avenue","ELEVTYP_F":0,"ELEVTYP_T":0},"geometry":{"type":"LineString","coordinates":[[-74.8032148115152,38.9953918654529],[-74.8027342357587,38.9957896122321],[-74.8025649843417,38.9959295400597]]}},{"type":"Feature","id":114353,"properties":{"OBJECTID":114353,"PRIMENAME":"Q Avenue","ELEVTYP_F":0,"ELEVTYP_T":0},"geometry":{"type":"LineString","coordinates":[[-74.8231356108836,38.9981572165766],[-74.8235079067784,38.997849090677],[-74.8236148569839,38.9977596095658]]}},{"type":"Feature","id":114871,"properties":{"OBJECTID":114871,"PRIMENAME":"Surf Avenue","ELEVTYP_F":0,"ELEVTYP_T":0},"geometry":{"type":"LineString","coordinates":[[-74.8035222659911,38.9925645274734],[-74.8037465865005,38.9923785170856],[-74.8041745137536,38.9920259626249]]}},{"type":"Feature","id":115253,"properties":{"OBJECTID":115253,"PRIMENAME":"Park Boulevard","ELEVTYP_F":0,"ELEVTYP_T":0},"geometry":{"type":"LineString","coordinates":[[-74.8289429955497,38.9844836830534],[-74.8282755077442,38.9849730324409]]}},{"type":"Feature","id":115611,"properties":{"OBJECTID":115611,"PRIMENAME":"Atlantic Avenue","ELEVTYP_F":0,"ELEVTYP_T":0},"geometry":{"type":"LineString","coordinates":[[-74.8180672689388,38.983798927304],[-74.8179047417172,38.983918951941],[-74.8174464170507,38.9842529954765],[-74.8173920624389,38.9842924642921]]}},{"type":"Feature","id":116346,"properties":{"OBJECTID":116346,"PRIMENAME":"East Morning Glory Road","ELEVTYP_F":0,"ELEVTYP_T":0},"geometry":{"type":"LineString","coordinates":[[-74.8238641257005,38.9771362559289],[-74.8244618422045,38.977639721913]]}},{"type":"Feature","id":116440,"properties":{"OBJECTID":116440,"PRIMENAME":"East Spicer Avenue","ELEVTYP_F":0,"ELEVTYP_T":0},"geometry":{"type":"LineString","coordinates":[[-74.8147293329471,38.9862473024428],[-74.8138761673772,38.9855392235054],[-74.8137773248256,38.9854558512373]]}},{"type":"Feature","id":116977,"properties":{"OBJECTID":116977,"PRIMENAME":"West Cardinal Road","ELEVTYP_F":0,"ELEVTYP_T":0},"geometry":{"type":"LineString","coordinates":[[-74.834550890199,38.9798981637782],[-74.8342388672858,38.9796395212892],[-74.8333660432889,38.9789196689247],[-74.8326052889113,38.9782844196572]]}},{"type":"Feature","id":117202,"properties":{"OBJECTID":117202,"PRIMENAME":"West Garfield Avenue","ELEVTYP_F":0,"ELEVTYP_T":0},"geometry":{"type":"LineString","coordinates":[[-74.8195874763333,38.9913335340068],[-74.8201118895989,38.9917673119329],[-74.8207313126787,38.9922878146443]]}},{"type":"Feature","id":117269,"properties":{"OBJECTID":117269,"PRIMENAME":"West Pine Avenue","ELEVTYP_F":0,"ELEVTYP_T":0},"geometry":{"type":"LineString","coordinates":[[-74.8235720439969,38.9993998975629],[-74.8230627698369,38.9990234275557]]}},{"type":"Feature","id":117850,"properties":{"OBJECTID":117850,"PRIMENAME":"East Morning Glory Road","ELEVTYP_F":0,"ELEVTYP_T":0},"geometry":{"type":"LineString","coordinates":[[-74.8261045883558,38.9790135566502],[-74.8262732109323,38.9791540563696],[-74.8270424872665,38.9797936895074]]}},{"type":"Feature","id":118020,"properties":{"OBJECTID":118020,"PRIMENAME":"West Burk Avenue","ELEVTYP_F":0,"ELEVTYP_T":0},"geometry":{"type":"LineString","coordinates":[[-74.8276839018022,38.9897211822373],[-74.8285030272413,38.9904078921855],[-74.8292892760864,38.9910653632455]]}},{"type":"Feature","id":118167,"properties":{"OBJECTID":118167,"PRIMENAME":"West Davis Avenue","ELEVTYP_F":0,"ELEVTYP_T":0},"geometry":{"type":"LineString","coordinates":[[-74.8236444119888,38.9874068672337],[-74.8230223755588,38.9868872101454],[-74.8224086056508,38.9863809821553]]}},{"type":"Feature","id":118250,"properties":{"OBJECTID":118250,"PRIMENAME":"New York Avenue","ELEVTYP_F":0,"ELEVTYP_T":0},"geometry":{"type":"LineString","coordinates":[[-74.8115702650504,38.9954318808633],[-74.8119515379727,38.9951087755007]]}},{"type":"Feature","id":118738,"properties":{"OBJECTID":118738,"PRIMENAME":"Park Boulevard","ELEVTYP_F":0,"ELEVTYP_T":0},"geometry":{"type":"LineString","coordinates":[[-74.8262620936892,38.9864510544139],[-74.8257349369446,38.9868304092335],[-74.8255904372214,38.9869369947198]]}},{"type":"Feature","id":118797,"properties":{"OBJECTID":118797,"PRIMENAME":"West Columbine Road","ELEVTYP_F":0,"ELEVTYP_T":0},"geometry":{"type":"LineString","coordinates":[[-74.8363125460088,38.9782677259012],[-74.8348062541891,38.9770218466675],[-74.8345852784959,38.9768372462193]]}},{"type":"Feature","id":119014,"properties":{"OBJECTID":119014,"PRIMENAME":"West Rio Grande Avenue","ELEVTYP_F":0,"ELEVTYP_T":0},"geometry":{"type":"LineString","coordinates":[[-74.830929434109,38.9892803493032],[-74.8309811869066,38.989257054813],[-74.8310436100273,38.9892359542608],[-74.8311060656042,38.9892218280724],[-74.8311596529509,38.9892147294361],[-74.8312311263665,38.9892180138105],[-74.831258248072,38.9892246635685]]}},{"type":"Feature","id":120093,"properties":{"OBJECTID":120093,"PRIMENAME":"West Youngs Avenue","ELEVTYP_F":0,"ELEVTYP_T":0},"geometry":{"type":"LineString","coordinates":[[-74.8215885171304,38.9898668103305],[-74.82097316721,38.9893569552488]]}},{"type":"Feature","id":120250,"properties":{"OBJECTID":120250,"PRIMENAME":"Central Avenue","ELEVTYP_F":0,"ELEVTYP_T":0},"geometry":{"type":"LineString","coordinates":[[-74.808024246042,38.9938330589532],[-74.8077628775089,38.9940508622166],[-74.8073709633895,38.9943736252599]]}},{"type":"Feature","id":121040,"properties":{"OBJECTID":121040,"PRIMENAME":"New Jersey Avenue","ELEVTYP_F":0,"ELEVTYP_T":0},"geometry":{"type":"LineString","coordinates":[[-74.8137658257017,38.9920714350876],[-74.8136397488387,38.9921652143588],[-74.8134897098652,38.9922667197221],[-74.8133479310084,38.9923585094136],[-74.8131852575947,38.9924437372712],[-74.8131014647592,38.9924876486433]]}},{"type":"Feature","id":121097,"properties":{"OBJECTID":121097,"PRIMENAME":"Surf Avenue","ELEVTYP_F":0,"ELEVTYP_T":0},"geometry":{"type":"LineString","coordinates":[[-74.8048281946777,38.9914874173761],[-74.8051340664235,38.9912354281307],[-74.8054789902194,38.9909510173377]]}},{"type":"Feature","id":121111,"properties":{"OBJECTID":121111,"PRIMENAME":"West Maple Avenue","ELEVTYP_F":0,"ELEVTYP_T":0},"geometry":{"type":"LineString","coordinates":[[-74.8141379989788,38.9932300562384],[-74.8146418763184,38.9935838451606],[-74.815418390847,38.9941380553187],[-74.8157459173557,38.9943706480694]]}},{"type":"Feature","id":121527,"properties":{"OBJECTID":121527,"PRIMENAME":"West Juniper Avenue","ELEVTYP_F":0,"ELEVTYP_T":0},"geometry":{"type":"LineString","coordinates":[[-74.8135369046793,38.9962403418529],[-74.8143231283057,38.9968053513939],[-74.8147863687647,38.9971304456081]]}},{"type":"Feature","id":121787,"properties":{"OBJECTID":121787,"PRIMENAME":"Atlantic Avenue","ELEVTYP_F":0,"ELEVTYP_T":0},"geometry":{"type":"LineString","coordinates":[[-74.8103626772382,38.989660930051],[-74.8100805063392,38.9899039731178],[-74.8097822630268,38.9901327524417]]}},{"type":"Feature","id":121796,"properties":{"OBJECTID":121796,"PRIMENAME":"West Oak Avenue","ELEVTYP_F":0,"ELEVTYP_T":0},"geometry":{"type":"LineString","coordinates":[[-74.8187570773104,38.9937250691455],[-74.8182727978488,38.9933603162014],[-74.8179767526645,38.9931499681225],[-74.8175348061334,38.99283940977]]}},{"type":"Feature","id":126809,"properties":{"OBJECTID":126809,"PRIMENAME":"East 25th Avenue","ELEVTYP_F":0,"ELEVTYP_T":0},"geometry":{"type":"LineString","coordinates":[[-74.8064684791608,38.992695271069],[-74.8078714381095,38.9937207182508],[-74.8079144317533,38.9937522917823]]}},{"type":"Feature","id":128515,"properties":{"OBJECTID":128515,"PRIMENAME":"O Avenue","ELEVTYP_F":0,"ELEVTYP_T":0},"geometry":{"type":"LineString","coordinates":[[-74.8240846735564,38.9997778117885],[-74.8251754704722,38.9988573383424]]}},{"type":"Feature","id":129116,"properties":{"OBJECTID":129116,"PRIMENAME":"New York Avenue","ELEVTYP_F":0,"ELEVTYP_T":0},"geometry":{"type":"LineString","coordinates":[[-74.8089719076534,38.9975870512482],[-74.8090605761982,38.9975131456234],[-74.8096257497434,38.9970498521027]]}},{"type":"Feature","id":130815,"properties":{"OBJECTID":130815,"PRIMENAME":"East Poplar Avenue","ELEVTYP_F":0,"ELEVTYP_T":0},"geometry":{"type":"LineString","coordinates":[[-74.8110446269928,38.9936113650613],[-74.8104290993486,38.993171500876],[-74.8099090531726,38.9928081262321]]}},{"type":"Feature","id":131041,"properties":{"OBJECTID":131041,"PRIMENAME":"Atlantic Avenue","ELEVTYP_F":0,"ELEVTYP_T":0},"geometry":{"type":"LineString","coordinates":[[-74.8025649843417,38.9959295400597],[-74.8019127969985,38.9964688638968]]}},{"type":"Feature","id":131217,"properties":{"OBJECTID":131217,"PRIMENAME":"West Spicer Avenue","ELEVTYP_F":0,"ELEVTYP_T":0},"geometry":{"type":"LineString","coordinates":[[-74.8202516381051,38.9908447663059],[-74.8198417901393,38.9905044449887],[-74.8196402362409,38.9903362654583]]}},{"type":"Feature","id":131325,"properties":{"OBJECTID":131325,"PRIMENAME":"Hudson Avenue","ELEVTYP_F":0,"ELEVTYP_T":0},"geometry":{"type":"LineString","coordinates":[[-74.8280740736959,38.9869048031333],[-74.8278054952783,38.9871042201914],[-74.8274710187238,38.9873495936042],[-74.8274025048464,38.9874002270637]]}},{"type":"Feature","id":131807,"properties":{"OBJECTID":131807,"PRIMENAME":"New Jersey Avenue","ELEVTYP_F":0,"ELEVTYP_T":0},"geometry":{"type":"LineString","coordinates":[[-74.8123876899946,38.992846932691],[-74.812042300354,38.993021037146],[-74.8118170532257,38.9931358111886],[-74.8116887787184,38.9932030421547]]}},{"type":"Feature","id":132000,"properties":{"OBJECTID":132000,"PRIMENAME":"West Poplar Avenue","ELEVTYP_F":0,"ELEVTYP_T":0},"geometry":{"type":"LineString","coordinates":[[-74.8200916917165,39.0000931559642],[-74.8197911924645,38.9998776900829],[-74.8192180474188,38.9994576919097],[-74.8183094441257,38.9987838749829],[-74.8178376182207,38.9984333923219],[-74.8177686324145,38.9983873335297],[-74.817724572182,38.9983579151271],[-74.8177143197075,38.9983471516091],[-74.8177050051973,38.9983336676327],[-74.8176993037198,38.998310013886],[-74.8177009173523,38.9982851600902],[-74.8177081425889,38.9982721247491],[-74.8177163615848,38.9982608442849],[-74.8177705718065,38.998218246193],[-74.8178906554191,38.9981208817313],[-74.817995169751,38.9980356680778],[-74.8181074824506,38.997947412475],[-74.8181725790033,38.9978842457393]]}},{"type":"Feature","id":133111,"properties":{"OBJECTID":133111,"PRIMENAME":"East Lavender Road","ELEVTYP_F":0,"ELEVTYP_T":0},"geometry":{"type":"LineString","coordinates":[[-74.8257480007454,38.9766990092527],[-74.82608823035,38.9769810453679],[-74.8266961812182,38.9774885621322]]}},{"type":"Feature","id":133402,"properties":{"OBJECTID":133402,"PRIMENAME":"East Schellenger Avenue","ELEVTYP_F":0,"ELEVTYP_T":0},"geometry":{"type":"LineString","coordinates":[[-74.8117734166889,38.9869190994631],[-74.8113135951922,38.9865207801073]]}},{"type":"Feature","id":133742,"properties":{"OBJECTID":133742,"PRIMENAME":"West 24th Avenue","ELEVTYP_F":0,"ELEVTYP_T":0},"geometry":{"type":"LineString","coordinates":[[-74.8102752679765,38.9965076636671],[-74.8088201152859,38.9954354302555]]}},{"type":"Feature","id":135705,"properties":{"OBJECTID":135705,"PRIMENAME":"New Jersey Avenue","ELEVTYP_F":0,"ELEVTYP_T":0},"geometry":{"type":"LineString","coordinates":[[-74.810110883561,38.9943576702192],[-74.8099375149933,38.9945012997211],[-74.8094678726545,38.994894843564]]}},{"type":"Feature","id":139619,"properties":{"OBJECTID":139619,"PRIMENAME":"East Garfield Avenue","ELEVTYP_F":0,"ELEVTYP_T":0},"geometry":{"type":"LineString","coordinates":[[-74.8140570034883,38.9867336999052],[-74.8151873710879,38.9876755780167],[-74.8156974715863,38.9880992827704]]}},{"type":"Feature","id":143377,"properties":{"OBJECTID":143377,"PRIMENAME":"Central Avenue","ELEVTYP_F":0,"ELEVTYP_T":0},"geometry":{"type":"LineString","coordinates":[[-74.8041166381548,38.9970745014865],[-74.8034686006388,38.9976131366382]]}},{"type":"Feature","id":144145,"properties":{"OBJECTID":144145,"PRIMENAME":"Susquehanna Avenue","ELEVTYP_F":0,"ELEVTYP_T":0},"geometry":{"type":"LineString","coordinates":[[-74.8216788985885,38.9941169816021],[-74.8212574172785,38.9944236445534],[-74.8211504217412,38.9944717443173]]}},{"type":"Feature","id":144499,"properties":{"OBJECTID":144499,"PRIMENAME":"East Schellenger Avenue","ELEVTYP_F":0,"ELEVTYP_T":0},"geometry":{"type":"LineString","coordinates":[[-74.8127244146153,38.9877134522978],[-74.8123425922909,38.9873974679217],[-74.8117734166889,38.9869190994631]]}},{"type":"Feature","id":145630,"properties":{"OBJECTID":145630,"PRIMENAME":"Hudson Avenue","ELEVTYP_F":0,"ELEVTYP_T":0},"geometry":{"type":"LineString","coordinates":[[-74.8294194923933,38.9859260195491],[-74.8292286637209,38.9860701108941],[-74.8288348356983,38.9863592872611],[-74.8287554097135,38.9864158286111]]}},{"type":"Feature","id":146780,"properties":{"OBJECTID":146780,"PRIMENAME":"Atlantic Avenue","ELEVTYP_F":0,"ELEVTYP_T":0},"geometry":{"type":"LineString","coordinates":[[-74.8038658189423,38.9948528112009],[-74.803732267695,38.9949635967079],[-74.8032148115152,38.9953918654529]]}},{"type":"Feature","id":146797,"properties":{"OBJECTID":146797,"PRIMENAME":"East Morning Glory Road","ELEVTYP_F":0,"ELEVTYP_T":0},"geometry":{"type":"LineString","coordinates":[[-74.8270424872665,38.9797936895074],[-74.8273976070524,38.9800889703622],[-74.8285220403602,38.9810177761649],[-74.8286849531098,38.9811539507451]]}},{"type":"Feature","id":146847,"properties":{"OBJECTID":146847,"PRIMENAME":"Arctic Avenue","ELEVTYP_F":0,"ELEVTYP_T":0},"geometry":{"type":"LineString","coordinates":[[-74.8276576930279,38.9844637128003],[-74.8278925765678,38.9842910535912],[-74.82832791976,38.9839732060913]]}},{"type":"Feature","id":147051,"properties":{"OBJECTID":147051,"PRIMENAME":"Arctic Avenue","ELEVTYP_F":0,"ELEVTYP_T":0},"geometry":{"type":"LineString","coordinates":[[-74.8189717091807,38.9908242461914],[-74.8194835159741,38.9904514431345],[-74.8196402362409,38.9903362654583]]}},{"type":"Feature","id":147200,"properties":{"OBJECTID":147200,"PRIMENAME":"East Sweetbriar Road","ELEVTYP_F":0,"ELEVTYP_T":0},"geometry":{"type":"LineString","coordinates":[[-74.8307199904524,38.9756401195815],[-74.8303623603064,38.9753402153449],[-74.8300223000929,38.9750585758165]]}},{"type":"Feature","id":147663,"properties":{"OBJECTID":147663,"PRIMENAME":"Atlantic Avenue","ELEVTYP_F":0,"ELEVTYP_T":0},"geometry":{"type":"LineString","coordinates":[[-74.8254071490859,38.9784322038293],[-74.8256161884588,38.9782806815525],[-74.8260491502983,38.9779634804187]]}},{"type":"Feature","id":148146,"properties":{"OBJECTID":148146,"PRIMENAME":"Ocean Avenue","ELEVTYP_F":0,"ELEVTYP_T":0},"geometry":{"type":"LineString","coordinates":[[-74.8124393304008,38.9864336656242],[-74.8119314788418,38.9868037636208],[-74.8117734166889,38.9869190994631]]}},{"type":"Feature","id":148735,"properties":{"OBJECTID":148735,"PRIMENAME":"East Crocus Road","ELEVTYP_F":0,"ELEVTYP_T":0},"geometry":{"type":"LineString","coordinates":[[-74.8287022449472,38.9771176491966],[-74.8280032749046,38.9765329936252]]}},{"type":"Feature","id":148854,"properties":{"OBJECTID":148854,"PRIMENAME":"New Jersey Avenue","ELEVTYP_F":0,"ELEVTYP_T":0},"geometry":{"type":"LineString","coordinates":[[-74.8116887787184,38.9932030421547],[-74.8116418790148,38.9932276610141],[-74.8114542578341,38.9933456012856],[-74.8112457788901,38.9934733721667],[-74.8110446269928,38.9936113650613]]}},{"type":"Feature","id":149592,"properties":{"OBJECTID":149592,"PRIMENAME":"New Jersey Avenue","ELEVTYP_F":0,"ELEVTYP_T":0},"geometry":{"type":"LineString","coordinates":[[-74.8266960160234,38.9826123894012],[-74.8264771566873,38.9827729739651],[-74.8261313637844,38.9830251588711],[-74.8260303871456,38.9830999353804]]}},{"type":"Feature","id":149771,"properties":{"OBJECTID":149771,"PRIMENAME":"Ocean Avenue","ELEVTYP_F":0,"ELEVTYP_T":0},"geometry":{"type":"LineString","coordinates":[[-74.8157799075819,38.9839897702446],[-74.8154992073483,38.9841981429098],[-74.815114089743,38.9844784634385]]}},{"type":"Feature","id":150118,"properties":{"OBJECTID":150118,"PRIMENAME":"New York Avenue","ELEVTYP_F":0,"ELEVTYP_T":0},"geometry":{"type":"LineString","coordinates":[[-74.8083210339508,38.9981295107009],[-74.8089719076534,38.9975870512482]]}},{"type":"Feature","id":150272,"properties":{"OBJECTID":150272,"PRIMENAME":"R Avenue","ELEVTYP_F":0,"ELEVTYP_T":0},"geometry":{"type":"LineString","coordinates":[[-74.8223096937379,38.9975407271567],[-74.8217172565804,38.9980347999951]]}},{"type":"Feature","id":151039,"properties":{"OBJECTID":151039,"PRIMENAME":"Ocean Avenue","ELEVTYP_F":0,"ELEVTYP_T":0},"geometry":{"type":"LineString","coordinates":[[-74.8224690612755,38.9790938434793],[-74.8221295130716,38.979341577073],[-74.8217975470028,38.9795861051036]]}},{"type":"Feature","id":151109,"properties":{"OBJECTID":151109,"PRIMENAME":"Heather Road","ELEVTYP_F":0,"ELEVTYP_T":0},"geometry":{"type":"LineString","coordinates":[[-74.8333405748064,38.9819958274959],[-74.8334743519863,38.982105690435],[-74.8335367281581,38.9821358541978],[-74.8336380332645,38.9821780421818]]}},{"type":"Feature","id":151775,"properties":{"OBJECTID":151775,"PRIMENAME":"East 22nd Avenue","ELEVTYP_F":0,"ELEVTYP_T":0},"geometry":{"type":"LineString","coordinates":[[-74.8060644063322,38.9954555422323],[-74.8060102232307,38.9954157878059],[-74.8059526875389,38.9953735701756]]}},{"type":"Feature","id":151945,"properties":{"OBJECTID":151945,"PRIMENAME":"Ocean Avenue","ELEVTYP_F":0,"ELEVTYP_T":0},"geometry":{"type":"LineString","coordinates":[[-74.8144453400966,38.9849666111783],[-74.8140277103852,38.9852717552585],[-74.8137773248256,38.9854558512373]]}},{"type":"Feature","id":152242,"properties":{"OBJECTID":152242,"PRIMENAME":"East Heather Road","ELEVTYP_F":0,"ELEVTYP_T":0},"geometry":{"type":"LineString","coordinates":[[-74.8273462896816,38.9770119010357],[-74.828048769609,38.9775949858245]]}},{"type":"Feature","id":152397,"properties":{"OBJECTID":152397,"PRIMENAME":"West Maple Avenue","ELEVTYP_F":0,"ELEVTYP_T":0},"geometry":{"type":"LineString","coordinates":[[-74.8192117524657,38.9969839306683],[-74.8197177213282,38.9973607294149],[-74.8200452821581,38.9976024535913],[-74.821480202455,38.998650877827],[-74.8216704666643,38.9987909123438]]}},{"type":"Feature","id":152870,"properties":{"OBJECTID":152870,"PRIMENAME":"New Jersey Avenue","ELEVTYP_F":0,"ELEVTYP_T":0},"geometry":{"type":"LineString","coordinates":[[-74.8213386987035,38.9865337193101],[-74.8209817908077,38.9867946506356],[-74.8206748456117,38.9870179351677]]}},{"type":"Feature","id":153556,"properties":{"OBJECTID":153556,"PRIMENAME":"Pacific Avenue","ELEVTYP_F":0,"ELEVTYP_T":0},"geometry":{"type":"LineString","coordinates":[[-74.8183709284623,38.9861501052995],[-74.8181203688072,38.9863326732573],[-74.8177043266998,38.9866369477426]]}},{"type":"Feature","id":155798,"properties":{"OBJECTID":155798,"PRIMENAME":"New Jersey Avenue","ELEVTYP_F":0,"ELEVTYP_T":0},"geometry":{"type":"LineString","coordinates":[[-74.8110446269928,38.9936113650613],[-74.8109831658323,38.9936535127411],[-74.8107165001874,38.9938565094163],[-74.8104666672012,38.9940631118897]]}},{"type":"Feature","id":158432,"properties":{"OBJECTID":158432,"PRIMENAME":"Central Avenue","ELEVTYP_F":0,"ELEVTYP_T":0},"geometry":{"type":"LineString","coordinates":[[-74.8034686006388,38.9976131366382],[-74.8028171181631,38.9981546058058]]}},{"type":"Feature","id":158587,"properties":{"OBJECTID":158587,"PRIMENAME":"Atlantic Avenue","ELEVTYP_F":0,"ELEVTYP_T":0},"geometry":{"type":"LineString","coordinates":[[-74.8273462896816,38.9770119010357],[-74.827698158995,38.9767571971548],[-74.8280032749046,38.9765329936252]]}},{"type":"Feature","id":158697,"properties":{"OBJECTID":158697,"PRIMENAME":"Atlantic Avenue","ELEVTYP_F":0,"ELEVTYP_T":0},"geometry":{"type":"LineString","coordinates":[[-74.8260491502983,38.9779634804187],[-74.8265012868012,38.9776322759121],[-74.8266961812182,38.9774885621322]]}},{"type":"Feature","id":159999,"properties":{"OBJECTID":159999,"PRIMENAME":"Hudson Avenue","ELEVTYP_F":0,"ELEVTYP_T":0},"geometry":{"type":"LineString","coordinates":[[-74.8181531186257,38.994245570794],[-74.8183794851792,38.9940523604256],[-74.8187186917687,38.9937570528637],[-74.8187570773104,38.9937250691455]]}},{"type":"Feature","id":160360,"properties":{"OBJECTID":160360,"PRIMENAME":"East Spicer Avenue","ELEVTYP_F":0,"ELEVTYP_T":0},"geometry":{"type":"LineString","coordinates":[[-74.8163653287715,38.9876116250806],[-74.816064671725,38.9873620463454],[-74.8147989327056,38.9863050511129],[-74.8147293329471,38.9862473024428]]}},{"type":"Feature","id":160532,"properties":{"OBJECTID":160532,"PRIMENAME":"West Lincoln Avenue","ELEVTYP_F":0,"ELEVTYP_T":0},"geometry":{"type":"LineString","coordinates":[[-74.8189200972734,38.9918207148669],[-74.8198715945424,38.9926156657391],[-74.8200641144791,38.9927764284409]]}},{"type":"Feature","id":160552,"properties":{"OBJECTID":160552,"PRIMENAME":"Pacific Avenue","ELEVTYP_F":0,"ELEVTYP_T":0},"geometry":{"type":"LineString","coordinates":[[-74.8143623547378,38.989072882356],[-74.8140201996038,38.9893290302518],[-74.8139644336862,38.9893688570843]]}},{"type":"Feature","id":160641,"properties":{"OBJECTID":160641,"PRIMENAME":"Hudson Avenue","ELEVTYP_F":0,"ELEVTYP_T":0},"geometry":{"type":"LineString","coordinates":[[-74.8200641144791,38.9927764284409],[-74.8203624469376,38.9925567115404],[-74.8207313126787,38.9922878146443]]}},{"type":"Feature","id":160728,"properties":{"OBJECTID":160728,"PRIMENAME":"West Oak Avenue","ELEVTYP_F":0,"ELEVTYP_T":0},"geometry":{"type":"LineString","coordinates":[[-74.8214102036946,38.9955843014854],[-74.8207399675422,38.9951095783479],[-74.8205032604545,38.9949677743741]]}},{"type":"Feature","id":160806,"properties":{"OBJECTID":160806,"PRIMENAME":"Atlantic Avenue","ELEVTYP_F":0,"ELEVTYP_T":0},"geometry":{"type":"LineString","coordinates":[[-74.8071219066748,38.9921589316402],[-74.8066525130191,38.992543546903],[-74.8064684791608,38.992695271069]]}},{"type":"Feature","id":161050,"properties":{"OBJECTID":161050,"PRIMENAME":"Surf Avenue","ELEVTYP_F":0,"ELEVTYP_T":0},"geometry":{"type":"LineString","coordinates":[[-74.8028701914319,38.9931051475652],[-74.8035222659911,38.9925645274734]]}},{"type":"Feature","id":161178,"properties":{"OBJECTID":161178,"PRIMENAME":"Hudson Avenue","ELEVTYP_F":0,"ELEVTYP_T":0},"geometry":{"type":"LineString","coordinates":[[-74.8158851968721,38.996185900888],[-74.816432347375,38.9957175711206]]}},{"type":"Feature","id":161626,"properties":{"OBJECTID":161626,"PRIMENAME":"Mediterranean Avenue","ELEVTYP_F":0,"ELEVTYP_T":0},"geometry":{"type":"LineString","coordinates":[[-74.8279417618793,38.992030668179],[-74.8280935280214,38.9919178020325],[-74.8280957218552,38.9919161698047],[-74.8282644617979,38.9917906814492]]}},{"type":"Feature","id":161963,"properties":{"OBJECTID":161963,"PRIMENAME":"Lake Road","ELEVTYP_F":0,"ELEVTYP_T":0},"geometry":{"type":"LineString","coordinates":[[-74.8314320327473,38.9865414026708],[-74.831532815896,38.9863646955739],[-74.831810089033,38.9859279511871],[-74.831857487658,38.985861915451]]}},{"type":"Feature","id":162262,"properties":{"OBJECTID":162262,"PRIMENAME":"Aster Road","ELEVTYP_F":0,"ELEVTYP_T":0},"geometry":{"type":"LineString","coordinates":[[-74.833951778364,38.9804572038441],[-74.8342562976024,38.980705407707]]}},{"type":"Feature","id":162318,"properties":{"OBJECTID":162318,"PRIMENAME":"East 16th Avenue","ELEVTYP_F":0,"ELEVTYP_T":0},"geometry":{"type":"LineString","coordinates":[[-74.8036060404724,38.9997528838425],[-74.802851644941,38.9991965067014],[-74.8021661102039,38.9986943404131]]}},{"type":"Feature","id":162349,"properties":{"OBJECTID":162349,"PRIMENAME":"East Hand Avenue","ELEVTYP_F":0,"ELEVTYP_T":0},"geometry":{"type":"LineString","coordinates":[[-74.8253606033145,38.9835890268973],[-74.8247063620683,38.9830461015674],[-74.8238443129225,38.9823318877479],[-74.8237266729814,38.982232100114]]}},{"type":"Feature","id":162720,"properties":{"OBJECTID":162720,"PRIMENAME":"West Spicer Avenue","ELEVTYP_F":0,"ELEVTYP_T":0},"geometry":{"type":"LineString","coordinates":[[-74.8196402362409,38.9903362654583],[-74.8185146679622,38.9893968611033],[-74.8180056001558,38.9889737434371]]}},{"type":"Feature","id":163063,"properties":{"OBJECTID":163063,"PRIMENAME":"Pacific Avenue","ELEVTYP_F":0,"ELEVTYP_T":0},"geometry":{"type":"LineString","coordinates":[[-74.8150308682083,38.9885861918136],[-74.8148452783557,38.9887297509042],[-74.8145618944319,38.9889328016063],[-74.8143701402806,38.9890670679217],[-74.8143623547378,38.989072882356]]}},{"type":"Feature","id":163848,"properties":{"OBJECTID":163848,"PRIMENAME":"East Taylor Avenue","ELEVTYP_F":0,"ELEVTYP_T":0},"geometry":{"type":"LineString","coordinates":[[-74.8223809208601,38.9832169707184],[-74.8228928824718,38.9836453065645],[-74.8240124754899,38.9845780135458]]}},{"type":"Feature","id":163919,"properties":{"OBJECTID":163919,"PRIMENAME":"Arctic Avenue","ELEVTYP_F":0,"ELEVTYP_T":0},"geometry":{"type":"LineString","coordinates":[[-74.8223006459133,38.9883858813646],[-74.8225569844554,38.988198346383],[-74.8229770896909,38.9878925876504]]}},{"type":"Feature","id":164010,"properties":{"OBJECTID":164010,"PRIMENAME":"East Baker Avenue","ELEVTYP_F":0,"ELEVTYP_T":0},"geometry":{"type":"LineString","coordinates":[[-74.8173920624389,38.9842924642921],[-74.8169494200974,38.9839236650312],[-74.8164481827256,38.9835020836367]]}},{"type":"Feature","id":164149,"properties":{"OBJECTID":164149,"PRIMENAME":"West Baker Avenue","ELEVTYP_F":0,"ELEVTYP_T":0},"geometry":{"type":"LineString","coordinates":[[-74.8272773851557,38.992524807803],[-74.8268853001785,38.9921925621303],[-74.8261505989113,38.9915872665891],[-74.8256741834702,38.9911929487257]]}},{"type":"Feature","id":164348,"properties":{"OBJECTID":164348,"PRIMENAME":"Central Avenue","ELEVTYP_F":0,"ELEVTYP_T":0},"geometry":{"type":"LineString","coordinates":[[-74.8073709633895,38.9943736252599],[-74.8068439520896,38.9948075638735],[-74.8067169966251,38.9949131185441]]}},{"type":"Feature","id":164670,"properties":{"OBJECTID":164670,"PRIMENAME":"East Spencer Avenue","ELEVTYP_F":0,"ELEVTYP_T":0},"geometry":{"type":"LineString","coordinates":[[-74.8139490784996,38.9845548080175],[-74.8144453400966,38.9849666111783]]}},{"type":"Feature","id":164925,"properties":{"OBJECTID":164925,"PRIMENAME":"West Burk Avenue","ELEVTYP_F":0,"ELEVTYP_T":0},"geometry":{"type":"LineString","coordinates":[[-74.8230818281214,38.9858953854744],[-74.82327060121,38.9860547526164],[-74.8243115470507,38.9869208128767]]}},{"type":"Feature","id":165192,"properties":{"OBJECTID":165192,"PRIMENAME":"New York Avenue","ELEVTYP_F":0,"ELEVTYP_T":0},"geometry":{"type":"LineString","coordinates":[[-74.8124961540585,38.9946441779098],[-74.8129660672127,38.9942363694982],[-74.8130495693249,38.9941655502172]]}},{"type":"Feature","id":165962,"properties":{"OBJECTID":165962,"PRIMENAME":"Pacific Avenue","ELEVTYP_F":0,"ELEVTYP_T":0},"geometry":{"type":"LineString","coordinates":[[-74.8302942144127,38.9774208808841],[-74.8296385352154,38.9778991109601]]}},{"type":"Feature","id":166148,"properties":{"OBJECTID":166148,"PRIMENAME":"Pacific Avenue","ELEVTYP_F":0,"ELEVTYP_T":0},"geometry":{"type":"LineString","coordinates":[[-74.8170383832119,38.9871238386133],[-74.8168411214256,38.9872594698733],[-74.8165453110867,38.9874821097316],[-74.8163653287715,38.9876116250806]]}},{"type":"Feature","id":166565,"properties":{"OBJECTID":166565,"PRIMENAME":"West Burk Avenue","ELEVTYP_F":0,"ELEVTYP_T":0},"geometry":{"type":"LineString","coordinates":[[-74.8249241090463,38.9874282431071],[-74.8254825017241,38.9878905689598],[-74.8260688510302,38.9883788444459]]}},{"type":"Feature","id":166649,"properties":{"OBJECTID":166649,"PRIMENAME":"East Garfield Avenue","ELEVTYP_F":0,"ELEVTYP_T":0},"geometry":{"type":"LineString","coordinates":[[-74.8156974715863,38.9880992827704],[-74.8161550663644,38.9884793860576],[-74.8173358369025,38.9894603723868]]}},{"type":"Feature","id":167378,"properties":{"OBJECTID":167378,"PRIMENAME":"West Rio Grande Avenue","ELEVTYP_F":0,"ELEVTYP_T":0},"geometry":{"type":"LineString","coordinates":[[-74.8246808912319,38.9840860508613],[-74.826320900897,38.9854469961476]]}},{"type":"Feature","id":167745,"properties":{"OBJECTID":167745,"PRIMENAME":"East Garfield Avenue","ELEVTYP_F":0,"ELEVTYP_T":0},"geometry":{"type":"LineString","coordinates":[[-74.8131156834645,38.9859403750329],[-74.8139910393889,38.9866787129742],[-74.8140570034883,38.9867336999052]]}},{"type":"Feature","id":167927,"properties":{"OBJECTID":167927,"PRIMENAME":"East Lavender Road","ELEVTYP_F":0,"ELEVTYP_T":0},"geometry":{"type":"LineString","coordinates":[[-74.8251452361789,38.9761993258597],[-74.8257480007454,38.9766990092527]]}},{"type":"Feature","id":167994,"properties":{"OBJECTID":167994,"PRIMENAME":"East 17th Avenue","ELEVTYP_F":0,"ELEVTYP_T":0},"geometry":{"type":"LineString","coordinates":[[-74.8027000007866,38.9980694322063],[-74.8027600770893,38.998113127649],[-74.8028171181631,38.9981546058058]]}},{"type":"Feature","id":168037,"properties":{"OBJECTID":168037,"PRIMENAME":"East 20th Avenue","ELEVTYP_F":0,"ELEVTYP_T":0},"geometry":{"type":"LineString","coordinates":[[-74.8062088246743,38.9975974650575],[-74.805664450565,38.9971925914188],[-74.8047675406255,38.996533493152]]}},{"type":"Feature","id":168062,"properties":{"OBJECTID":168062,"PRIMENAME":"East Morning Glory Road","ELEVTYP_F":0,"ELEVTYP_T":0},"geometry":{"type":"LineString","coordinates":[[-74.8244618422045,38.977639721913],[-74.8249809572433,38.9780769531352],[-74.8254071490859,38.9784322038293]]}},{"type":"Feature","id":168478,"properties":{"OBJECTID":168478,"PRIMENAME":"West 26th Avenue","ELEVTYP_F":0,"ELEVTYP_T":0},"geometry":{"type":"LineString","coordinates":[[-74.8115702650504,38.9954318808633],[-74.8109261619981,38.9949554396296],[-74.810110883561,38.9943576702192]]}},{"type":"Feature","id":168535,"properties":{"OBJECTID":168535,"PRIMENAME":"Buttercup Road","ELEVTYP_F":0,"ELEVTYP_T":0},"geometry":{"type":"LineString","coordinates":[[-74.833436183528,38.9839211306729],[-74.8333038041295,38.983885098618],[-74.8331869824445,38.9838581117168],[-74.8331012233791,38.9838158231259],[-74.8330979057442,38.9838135263825]]}},{"type":"Feature","id":168719,"properties":{"OBJECTID":168719,"PRIMENAME":"West Hildreth Avenue","ELEVTYP_F":0,"ELEVTYP_T":0},"geometry":{"type":"LineString","coordinates":[[-74.8289965629311,38.9834849521326],[-74.8294123757065,38.9838285463484],[-74.8296097353361,38.9839943049073]]}},{"type":"Feature","id":168840,"properties":{"OBJECTID":168840,"PRIMENAME":"East Crocus Road","ELEVTYP_F":0,"ELEVTYP_T":0},"geometry":{"type":"LineString","coordinates":[[-74.8312719941533,38.979257714877],[-74.8311041349015,38.9791172472589],[-74.8301383457035,38.9783158357625],[-74.8296385352154,38.9778991109601]]}},{"type":"Feature","id":169351,"properties":{"OBJECTID":169351,"PRIMENAME":"Hudson Avenue","ELEVTYP_F":0,"ELEVTYP_T":0},"geometry":{"type":"LineString","coordinates":[[-74.8153337715607,38.9966600330667],[-74.8155259637432,38.9964933627841],[-74.8158851968721,38.996185900888]]}},{"type":"Feature","id":169457,"properties":{"OBJECTID":169457,"PRIMENAME":"Pacific Avenue","ELEVTYP_F":0,"ELEVTYP_T":0},"geometry":{"type":"LineString","coordinates":[[-74.8329525931123,38.975472370852],[-74.8327529109553,38.9756189915271],[-74.8323099029865,38.9759448404656]]}},{"type":"Feature","id":169477,"properties":{"OBJECTID":169477,"PRIMENAME":"West Taylor Avenue","ELEVTYP_F":0,"ELEVTYP_T":0},"geometry":{"type":"LineString","coordinates":[[-74.8240124754899,38.9845780135458],[-74.8243898590151,38.9848924073718],[-74.825601555685,38.9859002433339],[-74.8256508927515,38.9859413760652]]}},{"type":"Feature","id":169635,"properties":{"OBJECTID":169635,"PRIMENAME":"Lake Road","ELEVTYP_F":0,"ELEVTYP_T":0},"geometry":{"type":"LineString","coordinates":[[-74.8310090511858,38.9872473504525],[-74.831020192962,38.9872298826159],[-74.8311137607499,38.9870824951795],[-74.8312557667782,38.9868504807957],[-74.8313843699305,38.9866249788085]]}},{"type":"Feature","id":169783,"properties":{"OBJECTID":169783,"PRIMENAME":"Lake Avenue","ELEVTYP_F":0,"ELEVTYP_T":0},"geometry":{"type":"LineString","coordinates":[[-74.8180339991003,38.9959954334734],[-74.8176928412219,38.9962903316688],[-74.8174874658661,38.9964661851528]]}},{"type":"Feature","id":170504,"properties":{"OBJECTID":170504,"PRIMENAME":"Park Boulevard","ELEVTYP_F":0,"ELEVTYP_T":0},"geometry":{"type":"LineString","coordinates":[[-74.8276079777575,38.9854627339429],[-74.827293179687,38.985693938708],[-74.8269354627879,38.9859570048417]]}},{"type":"Feature","id":170716,"properties":{"OBJECTID":170716,"PRIMENAME":"Lake Road","ELEVTYP_F":0,"ELEVTYP_T":0},"geometry":{"type":"LineString","coordinates":[[-74.831857487658,38.985861915451],[-74.8319904193011,38.9856767429703],[-74.8322989403255,38.9851897960731]]}},{"type":"Feature","id":170799,"properties":{"OBJECTID":170799,"PRIMENAME":"Atlantic Avenue","ELEVTYP_F":0,"ELEVTYP_T":0},"geometry":{"type":"LineString","coordinates":[[-74.8234209106434,38.9798868168874],[-74.8229251686696,38.980251081013],[-74.8227597393594,38.9803714772351]]}},{"type":"Feature","id":170899,"properties":{"OBJECTID":170899,"PRIMENAME":"East 23rd Avenue","ELEVTYP_F":0,"ELEVTYP_T":0},"geometry":{"type":"LineString","coordinates":[[-74.8016167827746,38.991159315329],[-74.8028455012781,38.9920671469198],[-74.8035222659911,38.9925645274734]]}},{"type":"Feature","id":171169,"properties":{"OBJECTID":171169,"PRIMENAME":"East Lavender Road","ELEVTYP_F":0,"ELEVTYP_T":0},"geometry":{"type":"LineString","coordinates":[[-74.8266961812182,38.9774885621322],[-74.8273024096847,38.9779945976778],[-74.8273939076952,38.9780708677588]]}},{"type":"Feature","id":171531,"properties":{"OBJECTID":171531,"PRIMENAME":"New Jersey Avenue","ELEVTYP_F":0,"ELEVTYP_T":0},"geometry":{"type":"LineString","coordinates":[[-74.8150879436158,38.991103698321],[-74.814531518688,38.9915135603238],[-74.8144239861346,38.9915913929116]]}},{"type":"Feature","id":171629,"properties":{"OBJECTID":171629,"PRIMENAME":"Pacific Avenue","ELEVTYP_F":0,"ELEVTYP_T":0},"geometry":{"type":"LineString","coordinates":[[-74.81102129638,38.9918581822028],[-74.8112337756313,38.9916888009244],[-74.8113670466505,38.9915742464343],[-74.8115669518842,38.9913942724048]]}},{"type":"Feature","id":171954,"properties":{"OBJECTID":171954,"PRIMENAME":"West Maple Avenue","ELEVTYP_F":0,"ELEVTYP_T":0},"geometry":{"type":"LineString","coordinates":[[-74.8131014647592,38.9924876486433],[-74.8134752931779,38.9927553257546],[-74.8141379989788,38.9932300562384]]}},{"type":"Feature","id":172158,"properties":{"OBJECTID":172158,"PRIMENAME":"Park Boulevard","ELEVTYP_F":0,"ELEVTYP_T":0},"geometry":{"type":"LineString","coordinates":[[-74.8315147233969,38.9825083232628],[-74.8309019087316,38.9830055501441]]}},{"type":"Feature","id":172228,"properties":{"OBJECTID":172228,"PRIMENAME":"East Juniper Avenue","ELEVTYP_F":0,"ELEVTYP_T":0},"geometry":{"type":"LineString","coordinates":[[-74.8048689338619,38.9900838301513],[-74.8057893510843,38.9907215317076],[-74.8061209359333,38.990959659738]]}},{"type":"Feature","id":173068,"properties":{"OBJECTID":173068,"PRIMENAME":"Hudson Avenue","ELEVTYP_F":0,"ELEVTYP_T":0},"geometry":{"type":"LineString","coordinates":[[-74.8267372408297,38.9878919223898],[-74.8264119873182,38.9881324067553],[-74.8261518430717,38.9883164195327],[-74.8260688510302,38.9883788444459]]}},{"type":"Feature","id":174208,"properties":{"OBJECTID":174208,"PRIMENAME":"Pacific Avenue","ELEVTYP_F":0,"ELEVTYP_T":0},"geometry":{"type":"LineString","coordinates":[[-74.8217073969773,38.9837092370864],[-74.8210464193306,38.9841927599624]]}},{"type":"Feature","id":174227,"properties":{"OBJECTID":174227,"PRIMENAME":"West Tacony Road","ELEVTYP_F":0,"ELEVTYP_T":0},"geometry":{"type":"LineString","coordinates":[[-74.8273877297293,38.9899362985273],[-74.8274938977096,38.9900256311566],[-74.8279882613746,38.9904416038375]]}},{"type":"Feature","id":174425,"properties":{"OBJECTID":174425,"PRIMENAME":"Hudson Avenue","ELEVTYP_F":0,"ELEVTYP_T":0},"geometry":{"type":"LineString","coordinates":[[-74.8194087155682,38.9932306840913],[-74.8194506712041,38.9932105520414],[-74.8195239278777,38.9931634524929],[-74.8197801589682,38.9929855893901],[-74.8200641144791,38.9927764284409]]}},{"type":"Feature","id":174936,"properties":{"OBJECTID":174936,"PRIMENAME":"P Avenue","ELEVTYP_F":0,"ELEVTYP_T":0},"geometry":{"type":"LineString","coordinates":[[-74.8244384056052,38.9978695717699],[-74.8243467535454,38.9979465539759],[-74.8234896705507,38.9986664390959],[-74.8230627698369,38.9990234275557]]}},{"type":"Feature","id":175429,"properties":{"OBJECTID":175429,"PRIMENAME":"Arctic Avenue","ELEVTYP_F":0,"ELEVTYP_T":0},"geometry":{"type":"LineString","coordinates":[[-74.8243115470507,38.9869208128767],[-74.8249780772161,38.9864352239118]]}},{"type":"Feature","id":175436,"properties":{"OBJECTID":175436,"PRIMENAME":"New Jersey Avenue","ELEVTYP_F":0,"ELEVTYP_T":0},"geometry":{"type":"LineString","coordinates":[[-74.8055600446022,38.9981323805339],[-74.804980471047,38.9986102445067],[-74.80490466412,38.9986732670234]]}},{"type":"Feature","id":175498,"properties":{"OBJECTID":175498,"PRIMENAME":"East 17th Avenue","ELEVTYP_F":0,"ELEVTYP_T":0},"geometry":{"type":"LineString","coordinates":[[-74.7996132037825,38.9958022267106],[-74.8005888715417,38.9965181379006],[-74.8012580113101,38.9970119536674]]}},{"type":"Feature","id":176352,"properties":{"OBJECTID":176352,"PRIMENAME":"Hudson Avenue","ELEVTYP_F":0,"ELEVTYP_T":0},"geometry":{"type":"LineString","coordinates":[[-74.8187570773104,38.9937250691455],[-74.8189258793771,38.9935843542244],[-74.8190479609492,38.9934825859316],[-74.8193140937126,38.9932760574274],[-74.8194087155682,38.9932306840913]]}},{"type":"Feature","id":177511,"properties":{"OBJECTID":177511,"PRIMENAME":"West Magnolia Avenue","ELEVTYP_F":0,"ELEVTYP_T":0},"geometry":{"type":"LineString","coordinates":[[-74.8158851968721,38.996185900888],[-74.8160508520994,38.996303193311],[-74.816934682152,38.996941591569]]}},{"type":"Feature","id":177819,"properties":{"OBJECTID":177819,"PRIMENAME":"West Magnolia Avenue","ELEVTYP_F":0,"ELEVTYP_T":0},"geometry":{"type":"LineString","coordinates":[[-74.8206032622189,38.9996701828102],[-74.8201163994148,38.999313325808],[-74.8190995036718,38.9985663061906],[-74.8181725790033,38.9978842457393]]}},{"type":"Feature","id":177902,"properties":{"OBJECTID":177902,"PRIMENAME":"West Pine Avenue","ELEVTYP_F":0,"ELEVTYP_T":0},"geometry":{"type":"LineString","coordinates":[[-74.8175441524226,38.994765534285],[-74.817270868917,38.9945785719989],[-74.8163074962344,38.9938898405907]]}},{"type":"Feature","id":178151,"properties":{"OBJECTID":178151,"PRIMENAME":"West Montgomery Avenue","ELEVTYP_F":0,"ELEVTYP_T":0},"geometry":{"type":"LineString","coordinates":[[-74.8247280335842,38.98936070682],[-74.824947370982,38.9895457967293],[-74.8260421796475,38.9904490893784],[-74.8263479343104,38.9907025268834]]}},{"type":"Feature","id":178295,"properties":{"OBJECTID":178295,"PRIMENAME":"Atlantic Avenue","ELEVTYP_F":0,"ELEVTYP_T":0},"geometry":{"type":"LineString","coordinates":[[-74.8019127969985,38.9964688638968],[-74.8015635919427,38.996757613559],[-74.8012580113101,38.9970119536674]]}},{"type":"Feature","id":178457,"properties":{"OBJECTID":178457,"PRIMENAME":"East Garfield Avenue","ELEVTYP_F":0,"ELEVTYP_T":0},"geometry":{"type":"LineString","coordinates":[[-74.8127415755189,38.9856248098757],[-74.8131156834645,38.9859403750329]]}},{"type":"Feature","id":179362,"properties":{"OBJECTID":179362,"PRIMENAME":"East Taylor Avenue","ELEVTYP_F":0,"ELEVTYP_T":0},"geometry":{"type":"LineString","coordinates":[[-74.8197826244223,38.9810614118651],[-74.8207375673385,38.9818467653896]]}},{"type":"Feature","id":180309,"properties":{"OBJECTID":180309,"PRIMENAME":"Delaware Avenue","ELEVTYP_F":0,"ELEVTYP_T":0},"geometry":{"type":"LineString","coordinates":[[-74.8110841204924,38.9981231917039],[-74.8107678949929,38.9983830496368],[-74.8104339015874,38.9986599496606]]}},{"type":"Feature","id":180391,"properties":{"OBJECTID":180391,"PRIMENAME":"East Pine Avenue","ELEVTYP_F":0,"ELEVTYP_T":0},"geometry":{"type":"LineString","coordinates":[[-74.808874130773,38.9885959789808],[-74.8086811428708,38.9884566989201],[-74.8083898450396,38.988242470623]]}},{"type":"Feature","id":180720,"properties":{"OBJECTID":180720,"PRIMENAME":"Seaview Avenue","ELEVTYP_F":0,"ELEVTYP_T":0},"geometry":{"type":"LineString","coordinates":[[-74.8307199904524,38.9756401195815],[-74.8300398972122,38.9761365718675]]}},{"type":"Feature","id":180767,"properties":{"OBJECTID":180767,"PRIMENAME":"Central Avenue","ELEVTYP_F":0,"ELEVTYP_T":0},"geometry":{"type":"LineString","coordinates":[[-74.8054138401248,38.9959963371832],[-74.8047675406255,38.996533493152]]}},{"type":"Feature","id":180843,"properties":{"OBJECTID":180843,"PRIMENAME":"Pacific Avenue","ELEVTYP_F":0,"ELEVTYP_T":0},"geometry":{"type":"LineString","coordinates":[[-74.8197063395046,38.9851723669839],[-74.819232844732,38.9855205179236],[-74.8190391000346,38.9856622115273]]}},{"type":"Feature","id":181255,"properties":{"OBJECTID":181255,"PRIMENAME":"S Avenue","ELEVTYP_F":0,"ELEVTYP_T":0},"geometry":{"type":"LineString","coordinates":[[-74.8223096937379,38.9975407271567],[-74.8224287795537,38.9976359526604],[-74.8230145237083,38.998063259455],[-74.8231356108836,38.9981572165766]]}},{"type":"Feature","id":181623,"properties":{"OBJECTID":181623,"PRIMENAME":"West Andrews Avenue","ELEVTYP_F":0,"ELEVTYP_T":0},"geometry":{"type":"LineString","coordinates":[[-74.8249780772161,38.9864352239118],[-74.8247409048956,38.9862409019757],[-74.8240250709658,38.9856354569261],[-74.8233423449842,38.9850662709674]]}},{"type":"Feature","id":182336,"properties":{"OBJECTID":182336,"PRIMENAME":"West Maple Avenue","ELEVTYP_F":0,"ELEVTYP_T":0},"geometry":{"type":"LineString","coordinates":[[-74.8216704666643,38.9987909123438],[-74.822735877042,38.9995754205401],[-74.8230657157237,38.9998182279656]]}},{"type":"Feature","id":184546,"properties":{"OBJECTID":184546,"PRIMENAME":"West Roberts Avenue","ELEVTYP_F":0,"ELEVTYP_T":0},"geometry":{"type":"LineString","coordinates":[[-74.8216393829066,38.9888696008431],[-74.8219020023504,38.989089120831],[-74.8222542530262,38.989382227539]]}},{"type":"Feature","id":184668,"properties":{"OBJECTID":184668,"PRIMENAME":"Ocean Avenue","ELEVTYP_F":0,"ELEVTYP_T":0},"geometry":{"type":"LineString","coordinates":[[-74.8277138597682,38.9752638530194],[-74.828077903902,38.9749968673649],[-74.8283925797344,38.9747651938292]]}},{"type":"Feature","id":184877,"properties":{"OBJECTID":184877,"PRIMENAME":"West Poplar Avenue","ELEVTYP_F":0,"ELEVTYP_T":0},"geometry":{"type":"LineString","coordinates":[[-74.8153337715607,38.9966600330667],[-74.8145759715129,38.9961265307616],[-74.8140945618559,38.9957810007271]]}},{"type":"Feature","id":185573,"properties":{"OBJECTID":185573,"PRIMENAME":"West Buttercup Road","ELEVTYP_F":0,"ELEVTYP_T":0},"geometry":{"type":"LineString","coordinates":[[-74.8330979057442,38.9838135263825],[-74.8329841459136,38.983734193893],[-74.8328860060656,38.983651069134],[-74.8326912636423,38.9834861185325],[-74.8320509119538,38.9829536565993],[-74.8315147233969,38.9825083232628]]}},{"type":"Feature","id":185655,"properties":{"OBJECTID":185655,"PRIMENAME":"East Spicer Avenue","ELEVTYP_F":0,"ELEVTYP_T":0},"geometry":{"type":"LineString","coordinates":[[-74.8137773248256,38.9854558512373],[-74.8132759494724,38.9850328558412]]}},{"type":"Feature","id":185747,"properties":{"OBJECTID":185747,"PRIMENAME":"New Jersey Avenue","ELEVTYP_F":0,"ELEVTYP_T":0},"geometry":{"type":"LineString","coordinates":[[-74.8345852784959,38.9768372462193],[-74.8339471994244,38.9773029568294]]}},{"type":"Feature","id":185912,"properties":{"OBJECTID":185912,"PRIMENAME":"Pacific Avenue","ELEVTYP_F":0,"ELEVTYP_T":0},"geometry":{"type":"LineString","coordinates":[[-74.8090303517148,38.9935575719996],[-74.8092344503144,38.993384125771],[-74.8093702519377,38.9932676174098]]}},{"type":"Feature","id":187329,"properties":{"OBJECTID":187329,"PRIMENAME":"Seaview Avenue","ELEVTYP_F":0,"ELEVTYP_T":0},"geometry":{"type":"LineString","coordinates":[[-74.8320181650074,38.9746914507637],[-74.8314338404559,38.9751201178872],[-74.8313725251914,38.9751647749874]]}},{"type":"Feature","id":187530,"properties":{"OBJECTID":187530,"PRIMENAME":"West 21st Avenue","ELEVTYP_F":0,"ELEVTYP_T":0},"geometry":{"type":"LineString","coordinates":[[-74.8068595814688,38.9970579292202],[-74.8072698681167,38.9973586989955],[-74.8083210339508,38.9981295107009]]}},{"type":"Feature","id":187625,"properties":{"OBJECTID":187625,"PRIMENAME":"Leaming Avenue","ELEVTYP_F":0,"ELEVTYP_T":0},"geometry":{"type":"LineString","coordinates":[[-74.8227597393594,38.9803714772351],[-74.8229213889376,38.9805034347267],[-74.8240287685075,38.9814376587487],[-74.8243945922466,38.9817434626701]]}},{"type":"Feature","id":188369,"properties":{"OBJECTID":188369,"PRIMENAME":"West Glenwood Avenue","ELEVTYP_F":0,"ELEVTYP_T":0},"geometry":{"type":"LineString","coordinates":[[-74.8135979296203,38.9936996194197],[-74.8135247597867,38.9936475902833],[-74.8123876899946,38.992846932691]]}},{"type":"Feature","id":189255,"properties":{"OBJECTID":189255,"PRIMENAME":"East Magnolia Avenue","ELEVTYP_F":0,"ELEVTYP_T":0},"geometry":{"type":"LineString","coordinates":[[-74.8104635186216,38.9923358238182],[-74.8109997207674,38.9927168630432],[-74.8116887787184,38.9932030421547]]}},{"type":"Feature","id":189652,"properties":{"OBJECTID":189652,"PRIMENAME":"Surf Avenue","ELEVTYP_F":0,"ELEVTYP_T":0},"geometry":{"type":"LineString","coordinates":[[-74.8015671029664,38.9941857154341],[-74.8021482299885,38.9937037453001],[-74.802216671312,38.9936469487531]]}},{"type":"Feature","id":190066,"properties":{"OBJECTID":190066,"PRIMENAME":"Hudson Avenue","ELEVTYP_F":0,"ELEVTYP_T":0},"geometry":{"type":"LineString","coordinates":[[-74.8143624758891,38.9974909355561],[-74.8147863687647,38.9971304456081]]}},{"type":"Feature","id":190295,"properties":{"OBJECTID":190295,"PRIMENAME":"West Poplar Avenue","ELEVTYP_F":0,"ELEVTYP_T":0},"geometry":{"type":"LineString","coordinates":[[-74.8163915709369,38.9974096937397],[-74.8159121280564,38.9970672415191],[-74.8153337715607,38.9966600330667]]}},{"type":"Feature","id":190739,"properties":{"OBJECTID":190739,"PRIMENAME":"East 19th Avenue","ELEVTYP_F":0,"ELEVTYP_T":0},"geometry":{"type":"LineString","coordinates":[[-74.8041166381548,38.9970745014865],[-74.8050484447163,38.9977556449697],[-74.8055600446022,38.9981323805339]]}},{"type":"Feature","id":191529,"properties":{"OBJECTID":191529,"PRIMENAME":"East Cedar Avenue","ELEVTYP_F":0,"ELEVTYP_T":0},"geometry":{"type":"LineString","coordinates":[[-74.81220399412,38.9880913829789],[-74.8119543386034,38.9879160154488]]}},{"type":"Feature","id":192125,"properties":{"OBJECTID":192125,"PRIMENAME":"New Jersey Avenue","ELEVTYP_F":0,"ELEVTYP_T":0},"geometry":{"type":"LineString","coordinates":[[-74.8339471994244,38.9773029568294],[-74.8333866939064,38.9777120427263],[-74.8332861138054,38.9777856992452]]}},{"type":"Feature","id":192772,"properties":{"OBJECTID":192772,"PRIMENAME":"Hudson Avenue","ELEVTYP_F":0,"ELEVTYP_T":0},"geometry":{"type":"LineString","coordinates":[[-74.8260688510302,38.9883788444459],[-74.8257818296305,38.9885946725478]]}},{"type":"Feature","id":192848,"properties":{"OBJECTID":192848,"PRIMENAME":"West Youngs Avenue","ELEVTYP_F":0,"ELEVTYP_T":0},"geometry":{"type":"LineString","coordinates":[[-74.8243410743285,38.992165202264],[-74.823062423784,38.9910924352895],[-74.8227413126208,38.9908253024873]]}},{"type":"Feature","id":193438,"properties":{"OBJECTID":193438,"PRIMENAME":"East 24th Avenue","ELEVTYP_F":0,"ELEVTYP_T":0},"geometry":{"type":"LineString","coordinates":[[-74.8072595979962,38.9942921751082],[-74.8066382186188,38.9938378078589],[-74.8058141008021,38.9932347884436]]}},{"type":"Feature","id":193475,"properties":{"OBJECTID":193475,"PRIMENAME":"West Burk Avenue","ELEVTYP_F":0,"ELEVTYP_T":0},"geometry":{"type":"LineString","coordinates":[[-74.8243115470507,38.9869208128767],[-74.8243896315282,38.9869857274296],[-74.8249241090463,38.9874282431071]]}},{"type":"Feature","id":193877,"properties":{"OBJECTID":193877,"PRIMENAME":"West Buttercup Road","ELEVTYP_F":0,"ELEVTYP_T":0},"geometry":{"type":"LineString","coordinates":[[-74.8315147233969,38.9825083232628],[-74.8309654392547,38.9820521231927],[-74.8301455493547,38.9813744375518],[-74.82932252835,38.980685936392]]}},{"type":"Feature","id":193971,"properties":{"OBJECTID":193971,"PRIMENAME":"Susquehanna Avenue","ELEVTYP_F":0,"ELEVTYP_T":0},"geometry":{"type":"LineString","coordinates":[[-74.8223466756458,38.99363173442],[-74.8219192356674,38.9939420404145],[-74.8216788985885,38.9941169816021]]}},{"type":"Feature","id":194771,"properties":{"OBJECTID":194771,"PRIMENAME":"West Pine Avenue","ELEVTYP_F":0,"ELEVTYP_T":0},"geometry":{"type":"LineString","coordinates":[[-74.8194350487,38.9958792739253],[-74.8193542369415,38.995874498051],[-74.8191419043541,38.9958634632928],[-74.8191008733387,38.9958548993011],[-74.8190973545401,38.9958538477077],[-74.8190524610575,38.9958404512213],[-74.8189180143127,38.99573914015],[-74.8186122217276,38.9955153390092]]}},{"type":"Feature","id":195023,"properties":{"OBJECTID":195023,"PRIMENAME":"Ocean Avenue","ELEVTYP_F":0,"ELEVTYP_T":0},"geometry":{"type":"LineString","coordinates":[[-74.8061209359333,38.990959659738],[-74.8058288115744,38.9912081949628]]}},{"type":"Feature","id":195425,"properties":{"OBJECTID":195425,"PRIMENAME":"East Heather Road","ELEVTYP_F":0,"ELEVTYP_T":0},"geometry":{"type":"LineString","coordinates":[[-74.828048769609,38.9775949858245],[-74.828285440275,38.9777914720508],[-74.8289870547544,38.9783744976712]]}},{"type":"Feature","id":195945,"properties":{"OBJECTID":195945,"PRIMENAME":"West Maple Avenue","ELEVTYP_F":0,"ELEVTYP_T":0},"geometry":{"type":"LineString","coordinates":[[-74.8169805056472,38.9952480000378],[-74.8175529476273,38.9956550786939],[-74.8180339991003,38.9959954334734]]}},{"type":"Feature","id":196207,"properties":{"OBJECTID":196207,"PRIMENAME":"West 19th Avenue","ELEVTYP_F":0,"ELEVTYP_T":0},"geometry":{"type":"LineString","coordinates":[[-74.8055600446022,38.9981323805339],[-74.8068326237807,38.9990694067582],[-74.8070224008633,38.9992089178474]]}},{"type":"Feature","id":196707,"properties":{"OBJECTID":196707,"PRIMENAME":"Cresse Avenue","ELEVTYP_F":0,"ELEVTYP_T":0},"geometry":{"type":"LineString","coordinates":[[-74.8322989403255,38.9851897960731],[-74.8322105331509,38.985115333693],[-74.8318190581996,38.9847894724284],[-74.8315456866107,38.9845633513848]]}},{"type":"Feature","id":197585,"properties":{"OBJECTID":197585,"PRIMENAME":"New Jersey Avenue","ELEVTYP_F":0,"ELEVTYP_T":0},"geometry":{"type":"LineString","coordinates":[[-74.8326052889113,38.9782844196572],[-74.8321851857758,38.978592134951],[-74.8319260299851,38.9787814289784]]}},{"type":"Feature","id":197616,"properties":{"OBJECTID":197616,"PRIMENAME":"West Bennett Avenue","ELEVTYP_F":0,"ELEVTYP_T":0},"geometry":{"type":"LineString","coordinates":[[-74.82832791976,38.9839732060913],[-74.8276474686142,38.9834057134947],[-74.8266960160234,38.9826123894012]]}},{"type":"Feature","id":198069,"properties":{"OBJECTID":198069,"PRIMENAME":"West 25th Avenue","ELEVTYP_F":0,"ELEVTYP_T":0},"geometry":{"type":"LineString","coordinates":[[-74.8094678726545,38.994894843564],[-74.8107550025864,38.995845655932],[-74.8109223610608,38.9959683337788]]}},{"type":"Feature","id":198183,"properties":{"OBJECTID":198183,"PRIMENAME":"Lake Avenue","ELEVTYP_F":0,"ELEVTYP_T":0},"geometry":{"type":"LineString","coordinates":[[-74.816934682152,38.996941591569],[-74.8166714119511,38.9971712823806],[-74.8163915709369,38.9974096937397]]}},{"type":"Feature","id":199060,"properties":{"OBJECTID":199060,"PRIMENAME":"Surf Avenue","ELEVTYP_F":0,"ELEVTYP_T":0},"geometry":{"type":"LineString","coordinates":[[-74.802216671312,38.9936469487531],[-74.8028701914319,38.9931051475652]]}},{"type":"Feature","id":199382,"properties":{"OBJECTID":199382,"PRIMENAME":"West Tacony Road","ELEVTYP_F":0,"ELEVTYP_T":0},"geometry":{"type":"LineString","coordinates":[[-74.8257818296305,38.9885946725478],[-74.8258512658187,38.9886525537754],[-74.8268442840496,38.9894791020805],[-74.8273877297293,38.9899362985273]]}},{"type":"Feature","id":200368,"properties":{"OBJECTID":200368,"PRIMENAME":"East Pine Avenue","ELEVTYP_F":0,"ELEVTYP_T":0},"geometry":{"type":"LineString","coordinates":[[-74.8137658257017,38.9920714350876],[-74.8128861683939,38.9914496678613],[-74.8121323216417,38.990926270521]]}},{"type":"Feature","id":200817,"properties":{"OBJECTID":200817,"PRIMENAME":"East Cresse Avenue","ELEVTYP_F":0,"ELEVTYP_T":0},"geometry":{"type":"LineString","coordinates":[[-74.8254523479062,38.9794914247121],[-74.8250942601494,38.9791913130146],[-74.8247517304858,38.9789074959038]]}},{"type":"Feature","id":200871,"properties":{"OBJECTID":200871,"PRIMENAME":"Leaming Avenue","ELEVTYP_F":0,"ELEVTYP_T":0},"geometry":{"type":"LineString","coordinates":[[-74.8217975470028,38.9795861051036],[-74.8227597393594,38.9803714772351]]}},{"type":"Feature","id":200936,"properties":{"OBJECTID":200936,"PRIMENAME":"Park Boulevard","ELEVTYP_F":0,"ELEVTYP_T":0},"geometry":{"type":"LineString","coordinates":[[-74.8140945618559,38.9957810007271],[-74.8138572677398,38.9959818111078],[-74.8135947817894,38.9961913379002],[-74.8135369046793,38.9962403418529]]}},{"type":"Feature","id":201448,"properties":{"OBJECTID":201448,"PRIMENAME":"West Davis Avenue","ELEVTYP_F":0,"ELEVTYP_T":0},"geometry":{"type":"LineString","coordinates":[[-74.8224086056508,38.9863809821553],[-74.822004610258,38.986047764308]]}},{"type":"Feature","id":201869,"properties":{"OBJECTID":201869,"PRIMENAME":"West Montgomery Avenue","ELEVTYP_F":0,"ELEVTYP_T":0},"geometry":{"type":"LineString","coordinates":[[-74.8279417618793,38.992030668179],[-74.8288568800514,38.9927810289671],[-74.8295748071515,38.9933807260774]]}},{"type":"Feature","id":203651,"properties":{"OBJECTID":203651,"PRIMENAME":"West Rio Grande Avenue","ELEVTYP_F":0,"ELEVTYP_T":0},"geometry":{"type":"LineString","coordinates":[[-74.8280740736959,38.9869048031333],[-74.8296903212456,38.988250185671]]}},{"type":"Feature","id":204604,"properties":{"OBJECTID":204604,"PRIMENAME":"Atlantic Avenue","ELEVTYP_F":0,"ELEVTYP_T":0},"geometry":{"type":"LineString","coordinates":[[-74.8086160447502,38.9910231886887],[-74.8081721429972,38.9913608914498],[-74.8080274813102,38.9914708049952]]}},{"type":"Feature","id":205024,"properties":{"OBJECTID":205024,"PRIMENAME":"West Hildreth Avenue","ELEVTYP_F":0,"ELEVTYP_T":0},"geometry":{"type":"LineString","coordinates":[[-74.8273598008284,38.982123388973],[-74.8277442478789,38.982443628607],[-74.8286729650523,38.9832175405094],[-74.8289965629311,38.9834849521326]]}},{"type":"Feature","id":206197,"properties":{"OBJECTID":206197,"PRIMENAME":"West Lincoln Avenue","ELEVTYP_F":0,"ELEVTYP_T":0},"geometry":{"type":"LineString","coordinates":[[-74.8200641144791,38.9927764284409],[-74.8207128456307,38.9933181859025],[-74.8216788985885,38.9941169816021]]}},{"type":"Feature","id":206445,"properties":{"OBJECTID":206445,"PRIMENAME":"East 25th Avenue","ELEVTYP_F":0,"ELEVTYP_T":0},"geometry":{"type":"LineString","coordinates":[[-74.808024246042,38.9938330589532],[-74.8092421997436,38.9947281659449],[-74.8094678726545,38.994894843564]]}},{"type":"Feature","id":207121,"properties":{"OBJECTID":207121,"PRIMENAME":"West Leaming Avenue","ELEVTYP_F":0,"ELEVTYP_T":0},"geometry":{"type":"LineString","coordinates":[[-74.8282755077442,38.9849730324409],[-74.8283847403504,38.9850630079494],[-74.8293905318467,38.9859021031728],[-74.8294194923933,38.9859260195491]]}},{"type":"Feature","id":207122,"properties":{"OBJECTID":207122,"PRIMENAME":"Lake Road","ELEVTYP_F":0,"ELEVTYP_T":0},"geometry":{"type":"LineString","coordinates":[[-74.8332100007134,38.9829220707803],[-74.833164581636,38.9832297620671],[-74.833116134083,38.9836792022428],[-74.8331087861176,38.9837703033582],[-74.8330979057442,38.9838135263825]]}},{"type":"Feature","id":207321,"properties":{"OBJECTID":207321,"PRIMENAME":"East 22nd Avenue","ELEVTYP_F":0,"ELEVTYP_T":0},"geometry":{"type":"LineString","coordinates":[[-74.8028701914319,38.9931051475652],[-74.8025457860073,38.9928669088879],[-74.8010375105058,38.9917510845558],[-74.8009686431371,38.9917070811293]]}},{"type":"Feature","id":207352,"properties":{"OBJECTID":207352,"PRIMENAME":"Park Boulevard","ELEVTYP_F":0,"ELEVTYP_T":0},"geometry":{"type":"LineString","coordinates":[[-74.8255904372214,38.9869369947198],[-74.8249241090463,38.9874282431071]]}},{"type":"Feature","id":207683,"properties":{"OBJECTID":207683,"PRIMENAME":"Atlantic Avenue","ELEVTYP_F":0,"ELEVTYP_T":0},"geometry":{"type":"LineString","coordinates":[[-74.8127244146153,38.9877134522978],[-74.8125212858588,38.9878616410228],[-74.8122045897496,38.9880908597846],[-74.81220399412,38.9880913829789]]}},{"type":"Feature","id":208513,"properties":{"OBJECTID":208513,"PRIMENAME":"West Bennett Avenue","ELEVTYP_F":0,"ELEVTYP_T":0},"geometry":{"type":"LineString","coordinates":[[-74.8300854543249,38.9854337302926],[-74.8297256613372,38.9851327875949],[-74.8294452717124,38.9848992493323],[-74.8289429955497,38.9844836830534]]}},{"type":"Feature","id":208556,"properties":{"OBJECTID":208556,"PRIMENAME":"Atlantic Avenue","ELEVTYP_F":0,"ELEVTYP_T":0},"geometry":{"type":"LineString","coordinates":[[-74.8194009789025,38.9828272650124],[-74.8189546810437,38.9831493928756],[-74.8187282939291,38.9833142671091]]}},{"type":"Feature","id":208983,"properties":{"OBJECTID":208983,"PRIMENAME":"Ocean Avenue","ELEVTYP_F":0,"ELEVTYP_T":0},"geometry":{"type":"LineString","coordinates":[[-74.8211346807823,38.9800714465135],[-74.820850174632,38.9802791831856],[-74.8204603835305,38.9805669754857]]}},{"type":"Feature","id":210266,"properties":{"OBJECTID":210266,"PRIMENAME":"East Lincoln Avenue","ELEVTYP_F":0,"ELEVTYP_T":0},"geometry":{"type":"LineString","coordinates":[[-74.8119337844301,38.9860143278038],[-74.8124393304008,38.9864336656242]]}},{"type":"Feature","id":210405,"properties":{"OBJECTID":210405,"PRIMENAME":"Hudson Avenue","ELEVTYP_F":0,"ELEVTYP_T":0},"geometry":{"type":"LineString","coordinates":[[-74.8257818296305,38.9885946725478],[-74.8256390901079,38.9887019945641]]}},{"type":"Feature","id":210694,"properties":{"OBJECTID":210694,"PRIMENAME":"West Taylor Avenue","ELEVTYP_F":0,"ELEVTYP_T":0},"geometry":{"type":"LineString","coordinates":[[-74.8290160864012,38.9887437588177],[-74.829868441331,38.9894565059615],[-74.8305421871475,38.990018374401],[-74.8305587784042,38.9900377410174],[-74.8305703434901,38.9900583020027],[-74.8305758042241,38.9900825323835],[-74.8305756885567,38.9900879414981]]}},{"type":"Feature","id":211336,"properties":{"OBJECTID":211336,"PRIMENAME":"R Avenue","ELEVTYP_F":0,"ELEVTYP_T":0},"geometry":{"type":"LineString","coordinates":[[-74.8227940832663,38.9971367383633],[-74.8223096937379,38.9975407271567]]}},{"type":"Feature","id":211659,"properties":{"OBJECTID":211659,"PRIMENAME":"West Morning Glory Road","ELEVTYP_F":0,"ELEVTYP_T":0},"geometry":{"type":"LineString","coordinates":[[-74.8309019087316,38.9830055501441],[-74.8317784180784,38.9837406759759],[-74.8326374377574,38.9844486073164],[-74.8327050677444,38.9845034960796]]}},{"type":"Feature","id":211778,"properties":{"OBJECTID":211778,"PRIMENAME":"New Jersey Avenue","ELEVTYP_F":0,"ELEVTYP_T":0},"geometry":{"type":"LineString","coordinates":[[-74.8260303871456,38.9830999353804],[-74.8257731038876,38.9832904193748],[-74.8254147757434,38.9835491711118],[-74.8253606033145,38.9835890268973]]}},{"type":"Feature","id":211907,"properties":{"OBJECTID":211907,"PRIMENAME":"East Burk Avenue","ELEVTYP_F":0,"ELEVTYP_T":0},"geometry":{"type":"LineString","coordinates":[[-74.818446053655,38.9820375350373],[-74.8194009789025,38.9828272650124]]}},{"type":"Feature","id":212621,"properties":{"OBJECTID":212621,"PRIMENAME":"Ocean Avenue","ELEVTYP_F":0,"ELEVTYP_T":0},"geometry":{"type":"LineString","coordinates":[[-74.8257480007454,38.9766990092527],[-74.8262218690709,38.9763521204795],[-74.8264019307601,38.9762193220823]]}},{"type":"Feature","id":212687,"properties":{"OBJECTID":212687,"PRIMENAME":"Dock Street","ELEVTYP_F":0,"ELEVTYP_T":0},"geometry":{"type":"LineString","coordinates":[[-74.8266535468892,38.9904805771928],[-74.8262964802968,38.9901782706745],[-74.8258277684857,38.9897970853032],[-74.8255452102268,38.9895600837005],[-74.8250368355905,38.9891363903719]]}},{"type":"Feature","id":212881,"properties":{"OBJECTID":212881,"PRIMENAME":"New Jersey Avenue","ELEVTYP_F":0,"ELEVTYP_T":0},"geometry":{"type":"LineString","coordinates":[[-74.8131014647592,38.9924876486433],[-74.8129224677324,38.9925814871503],[-74.8125303677138,38.9927750220264],[-74.8123876899946,38.992846932691]]}},{"type":"Feature","id":212923,"properties":{"OBJECTID":212923,"PRIMENAME":"Seaview Avenue","ELEVTYP_F":0,"ELEVTYP_T":0},"geometry":{"type":"LineString","coordinates":[[-74.8267482312917,38.9785420519863],[-74.8261045883558,38.9790135566502]]}},{"type":"Feature","id":213344,"properties":{"OBJECTID":213344,"PRIMENAME":"West Lavender Road","ELEVTYP_F":0,"ELEVTYP_T":0},"geometry":{"type":"LineString","coordinates":[[-74.8321206693937,38.982011195563],[-74.8322804881822,38.9821455063988],[-74.8330418856948,38.9827747692218],[-74.8331473251403,38.9828655754192],[-74.833205909805,38.9829200230846],[-74.8332100007134,38.9829220707803]]}},{"type":"Feature","id":214028,"properties":{"OBJECTID":214028,"PRIMENAME":"Ocean Avenue","ELEVTYP_F":0,"ELEVTYP_T":0},"geometry":{"type":"LineString","coordinates":[[-74.8077578023837,38.9895562935769],[-74.8076208457375,38.9896734905338],[-74.807211135723,38.9900251314277]]}},{"type":"Feature","id":214268,"properties":{"OBJECTID":214268,"PRIMENAME":"East Heather Road","ELEVTYP_F":0,"ELEVTYP_T":0},"geometry":{"type":"LineString","coordinates":[[-74.8257891133183,38.9757523463125],[-74.8258239814076,38.9757541984373],[-74.8258688770238,38.9757715642944],[-74.8260737732159,38.9759458473731],[-74.8263461000281,38.9761723872547],[-74.8264019307601,38.9762193220823]]}},{"type":"Feature","id":216410,"properties":{"OBJECTID":216410,"PRIMENAME":"West Schellenger Avenue","ELEVTYP_F":0,"ELEVTYP_T":0},"geometry":{"type":"LineString","coordinates":[[-74.8176184140315,38.9918099047624],[-74.8175406012411,38.9917425688742],[-74.8173240828143,38.9915399653514],[-74.8169034998206,38.9911887075262],[-74.8161235243421,38.9905399769362],[-74.8159992879526,38.9904370699252]]}},{"type":"Feature","id":216722,"properties":{"OBJECTID":216722,"PRIMENAME":"Delaware Avenue","ELEVTYP_F":0,"ELEVTYP_T":0},"geometry":{"type":"LineString","coordinates":[[-74.8104339015874,38.9986599496606],[-74.8097829120583,38.9991996166923]]}},{"type":"Feature","id":218756,"properties":{"OBJECTID":218756,"PRIMENAME":"West Magnolia Avenue","ELEVTYP_F":0,"ELEVTYP_T":0},"geometry":{"type":"LineString","coordinates":[[-74.8146453563862,38.9953072057485],[-74.8147798789162,38.9954034686135],[-74.8158851968721,38.996185900888]]}},{"type":"Feature","id":218830,"properties":{"OBJECTID":218830,"PRIMENAME":"Park Boulevard","ELEVTYP_F":0,"ELEVTYP_T":0},"geometry":{"type":"LineString","coordinates":[[-74.8296097353361,38.9839943049073],[-74.829222092505,38.9842790996021],[-74.8289429955497,38.9844836830534]]}},{"type":"Feature","id":218991,"properties":{"OBJECTID":218991,"PRIMENAME":"Park Boulevard","ELEVTYP_F":0,"ELEVTYP_T":0},"geometry":{"type":"LineString","coordinates":[[-74.8169172176638,38.9933654338586],[-74.8166894476148,38.9935598812097],[-74.8163074962344,38.9938898405907]]}},{"type":"Feature","id":219033,"properties":{"OBJECTID":219033,"PRIMENAME":"West Lincoln Avenue","ELEVTYP_F":0,"ELEVTYP_T":0},"geometry":{"type":"LineString","coordinates":[[-74.8176991423318,38.9908055585808],[-74.8177999571356,38.9908892103376],[-74.8178206887889,38.9909064126235],[-74.8183060079439,38.9913091118814]]}},{"type":"Feature","id":219399,"properties":{"OBJECTID":219399,"PRIMENAME":"Atlantic Avenue","ELEVTYP_F":0,"ELEVTYP_T":0},"geometry":{"type":"LineString","coordinates":[[-74.8074473967552,38.9919116142633],[-74.8071219066748,38.9921589316402]]}},{"type":"Feature","id":219933,"properties":{"OBJECTID":219933,"PRIMENAME":"East Heather Road","ELEVTYP_F":0,"ELEVTYP_T":0},"geometry":{"type":"LineString","coordinates":[[-74.8289870547544,38.9783744976712],[-74.8295269763891,38.9788231557605],[-74.8306209758484,38.9797345092349]]}},{"type":"Feature","id":220467,"properties":{"OBJECTID":220467,"PRIMENAME":"Park Boulevard","ELEVTYP_F":0,"ELEVTYP_T":0},"geometry":{"type":"LineString","coordinates":[[-74.8239006187192,38.9881800159583],[-74.8237548827572,38.9882862899867],[-74.823591996068,38.9884050703492]]}},{"type":"Feature","id":220879,"properties":{"OBJECTID":220879,"PRIMENAME":"West Pine Avenue","ELEVTYP_F":0,"ELEVTYP_T":0},"geometry":{"type":"LineString","coordinates":[[-74.8217172565804,38.9980347999951],[-74.8209407798698,38.9974704451986],[-74.820855241545,38.9974008536667],[-74.8207825049251,38.9973378725419],[-74.8207060107426,38.9972529062284]]}},{"type":"Feature","id":222057,"properties":{"OBJECTID":222057,"PRIMENAME":"East Hildreth Avenue","ELEVTYP_F":0,"ELEVTYP_T":0},"geometry":{"type":"LineString","coordinates":[[-74.8257312912255,38.9807682872596],[-74.8260481898942,38.9810369609911],[-74.8269032063763,38.9817429967215],[-74.8273598008284,38.982123388973]]}},{"type":"Feature","id":222304,"properties":{"OBJECTID":222304,"PRIMENAME":"West Spicer Avenue","ELEVTYP_F":0,"ELEVTYP_T":0},"geometry":{"type":"LineString","coordinates":[[-74.8236558370397,38.993662460239],[-74.8230142097275,38.9931333855052]]}},{"type":"Feature","id":222689,"properties":{"OBJECTID":222689,"PRIMENAME":"Pacific Avenue","ELEVTYP_F":0,"ELEVTYP_T":0},"geometry":{"type":"LineString","coordinates":[[-74.8156974715863,38.9880992827704],[-74.815378610915,38.9883302735675],[-74.8151077263832,38.9885267569495],[-74.8150308682083,38.9885861918136]]}},{"type":"Feature","id":223935,"properties":{"OBJECTID":223935,"PRIMENAME":"West Hildreth Avenue","ELEVTYP_F":0,"ELEVTYP_T":0},"geometry":{"type":"LineString","coordinates":[[-74.8296097353361,38.9839943049073],[-74.8302885661036,38.9845644544156],[-74.830749466016,38.9849474839342]]}},{"type":"Feature","id":224026,"properties":{"OBJECTID":224026,"PRIMENAME":"East Wildwood Avenue","ELEVTYP_F":0,"ELEVTYP_T":0},"geometry":{"type":"LineString","coordinates":[[-74.8091214012791,38.9878279722064],[-74.8094677477092,38.9880715163847]]}},{"type":"Feature","id":224220,"properties":{"OBJECTID":224220,"PRIMENAME":"Hudson Avenue","ELEVTYP_F":0,"ELEVTYP_T":0},"geometry":{"type":"LineString","coordinates":[[-74.8274025048464,38.9874002270637],[-74.8267372408297,38.9878919223898]]}},{"type":"Feature","id":224237,"properties":{"OBJECTID":224237,"PRIMENAME":"Hudson Avenue","ELEVTYP_F":0,"ELEVTYP_T":0},"geometry":{"type":"LineString","coordinates":[[-74.8240674924455,38.9898466621919],[-74.8246008442093,38.9894531011037],[-74.8247280335842,38.98936070682]]}},{"type":"Feature","id":225411,"properties":{"OBJECTID":225411,"PRIMENAME":"East Magnolia Avenue","ELEVTYP_F":0,"ELEVTYP_T":0},"geometry":{"type":"LineString","coordinates":[[-74.807211135723,38.9900251314277],[-74.8080302586459,38.9906015475032],[-74.8086160447502,38.9910231886887]]}},{"type":"Feature","id":225660,"properties":{"OBJECTID":225660,"PRIMENAME":"East Baker Avenue","ELEVTYP_F":0,"ELEVTYP_T":0},"geometry":{"type":"LineString","coordinates":[[-74.8190391000346,38.9856622115273],[-74.8184750751269,38.9851936918165],[-74.8174812268876,38.9843667710159],[-74.8173920624389,38.9842924642921]]}},{"type":"Feature","id":226249,"properties":{"OBJECTID":226249,"PRIMENAME":"West Bennett Avenue","ELEVTYP_F":0,"ELEVTYP_T":0},"geometry":{"type":"LineString","coordinates":[[-74.8289429955497,38.9844836830534],[-74.8285656401097,38.9841715010883],[-74.82832791976,38.9839732060913]]}},{"type":"Feature","id":227359,"properties":{"OBJECTID":227359,"PRIMENAME":"West Wildwood Avenue","ELEVTYP_F":0,"ELEVTYP_T":0},"geometry":{"type":"LineString","coordinates":[[-74.8169172176638,38.9933654338586],[-74.8174421100125,38.993741340046],[-74.8181531186257,38.994245570794]]}},{"type":"Feature","id":227498,"properties":{"OBJECTID":227498,"PRIMENAME":"West 18th Avenue","ELEVTYP_F":0,"ELEVTYP_T":0},"geometry":{"type":"LineString","coordinates":[[-74.8063709607121,38.9997492534778],[-74.8050204137699,38.9987587446617],[-74.80490466412,38.9986732670234]]}},{"type":"Feature","id":227609,"properties":{"OBJECTID":227609,"PRIMENAME":"New Jersey Avenue","ELEVTYP_F":0,"ELEVTYP_T":0},"geometry":{"type":"LineString","coordinates":[[-74.8206748456117,38.9870179351677],[-74.8203651284019,38.9872433128996],[-74.8200035241459,38.9875097728015]]}},{"type":"Feature","id":229077,"properties":{"OBJECTID":229077,"PRIMENAME":"Ocean Avenue","ELEVTYP_F":0,"ELEVTYP_T":0},"geometry":{"type":"LineString","coordinates":[[-74.8270569086613,38.9757402877184],[-74.8276480553885,38.9753121170299],[-74.8277138597682,38.9752638530194]]}},{"type":"Feature","id":230047,"properties":{"OBJECTID":230047,"PRIMENAME":"FR CO 624 to RT 47 SB","ELEVTYP_F":0,"ELEVTYP_T":0},"geometry":{"type":"LineString","coordinates":[[-74.831258248072,38.9892246635685],[-74.8311574365975,38.9891545192709],[-74.8309148462026,38.9890488884328],[-74.8308056502851,38.9890079880335],[-74.8307588512528,38.9889904601626],[-74.83063577809,38.9889373471884],[-74.8303968060017,38.9888377462089]]}},{"type":"Feature","id":232520,"properties":{"OBJECTID":232520,"PRIMENAME":"West Wildwood Avenue","ELEVTYP_F":0,"ELEVTYP_T":0},"geometry":{"type":"LineString","coordinates":[[-74.8198884579406,38.9954861453988],[-74.8205028441873,38.9959127549739]]}},{"type":"Feature","id":232680,"properties":{"OBJECTID":232680,"PRIMENAME":"East Aster Road","ELEVTYP_F":0,"ELEVTYP_T":0},"geometry":{"type":"LineString","coordinates":[[-74.8270990268054,38.9747945825942],[-74.8271019808617,38.9747942445969],[-74.827125524621,38.9747965956251],[-74.8271546966256,38.9748066729155],[-74.8271894678507,38.9748254395711],[-74.8274237022493,38.9750227029255],[-74.8277138597682,38.9752638530194]]}},{"type":"Feature","id":233746,"properties":{"OBJECTID":233746,"PRIMENAME":"Q Avenue","ELEVTYP_F":0,"ELEVTYP_T":0},"geometry":{"type":"LineString","coordinates":[[-74.8225484159193,38.9986432064327],[-74.8231356108836,38.9981572165766]]}},{"type":"Feature","id":233933,"properties":{"OBJECTID":233933,"PRIMENAME":"West Pine Avenue","ELEVTYP_F":0,"ELEVTYP_T":0},"geometry":{"type":"LineString","coordinates":[[-74.8230627698369,38.9990234275557],[-74.8225484159193,38.9986432064327]]}},{"type":"Feature","id":234252,"properties":{"OBJECTID":234252,"PRIMENAME":"New Jersey Avenue","ELEVTYP_F":0,"ELEVTYP_T":0},"geometry":{"type":"LineString","coordinates":[[-74.8319260299851,38.9787814289784],[-74.8314141659517,38.9791553025726],[-74.8312719941533,38.979257714877]]}},{"type":"Feature","id":234308,"properties":{"OBJECTID":234308,"PRIMENAME":"Arctic Avenue","ELEVTYP_F":0,"ELEVTYP_T":0},"geometry":{"type":"LineString","coordinates":[[-74.82832791976,38.9839732060913],[-74.8289965629311,38.9834849521326]]}},{"type":"Feature","id":234549,"properties":{"OBJECTID":234549,"PRIMENAME":"Beach Avenue","ELEVTYP_F":0,"ELEVTYP_T":0},"geometry":{"type":"LineString","coordinates":[[-74.8245075274944,38.9766662199447],[-74.8251452361789,38.9761993258597]]}},{"type":"Feature","id":234834,"properties":{"OBJECTID":234834,"PRIMENAME":"East 23rd Avenue","ELEVTYP_F":0,"ELEVTYP_T":0},"geometry":{"type":"LineString","coordinates":[[-74.8066063356639,38.9948317479035],[-74.8066638728093,38.9948740471902],[-74.8067169966251,38.9949131185441]]}},{"type":"Feature","id":235115,"properties":{"OBJECTID":235115,"PRIMENAME":"East 20th Avenue","ELEVTYP_F":0,"ELEVTYP_T":0},"geometry":{"type":"LineString","coordinates":[[-74.8032148115152,38.9953918654529],[-74.8027572166707,38.9950553433619],[-74.8015671029664,38.9941857154341]]}},{"type":"Feature","id":235604,"properties":{"OBJECTID":235604,"PRIMENAME":"Atlantic Avenue","ELEVTYP_F":0,"ELEVTYP_T":0},"geometry":{"type":"LineString","coordinates":[[-74.8153968514123,38.9857569872132],[-74.8151714231794,38.9859197925273],[-74.8149297601788,38.9861031539127],[-74.8147293329471,38.9862473024428]]}},{"type":"Feature","id":236069,"properties":{"OBJECTID":236069,"PRIMENAME":"Pacific Avenue","ELEVTYP_F":0,"ELEVTYP_T":0},"geometry":{"type":"LineString","coordinates":[[-74.8323099029865,38.9759448404656],[-74.8318601937372,38.9762756489189],[-74.8316574192171,38.976423622394]]}},{"type":"Feature","id":236155,"properties":{"OBJECTID":236155,"PRIMENAME":"Central Avenue","ELEVTYP_F":0,"ELEVTYP_T":0},"geometry":{"type":"LineString","coordinates":[[-74.8086109614589,38.9932552674768],[-74.8084266898729,38.9934976898022]]}},{"type":"Feature","id":236746,"properties":{"OBJECTID":236746,"PRIMENAME":"Susquehanna Avenue","ELEVTYP_F":0,"ELEVTYP_T":0},"geometry":{"type":"LineString","coordinates":[[-74.8299064036696,38.9880918534267],[-74.8299556679261,38.9880557714484],[-74.8303631575292,38.9877602097113]]}},{"type":"Feature","id":236911,"properties":{"OBJECTID":236911,"PRIMENAME":"West Crocus Road","ELEVTYP_F":0,"ELEVTYP_T":0},"geometry":{"type":"LineString","coordinates":[[-74.8334689101746,38.9810804637648],[-74.8333664935672,38.9809960741622]]}},{"type":"Feature","id":236916,"properties":{"OBJECTID":236916,"PRIMENAME":"New Jersey Avenue","ELEVTYP_F":0,"ELEVTYP_T":0},"geometry":{"type":"LineString","coordinates":[[-74.8088201152859,38.9954354302555],[-74.8081639778648,38.9959769426173]]}},{"type":"Feature","id":237278,"properties":{"OBJECTID":237278,"PRIMENAME":"Park Boulevard","ELEVTYP_F":0,"ELEVTYP_T":0},"geometry":{"type":"LineString","coordinates":[[-74.8189200972734,38.9918207148669],[-74.8183474619874,38.9922372840706],[-74.8182238809499,38.9923292777644]]}},{"type":"Feature","id":238901,"properties":{"OBJECTID":238901,"PRIMENAME":"East Davis Avenue","ELEVTYP_F":0,"ELEVTYP_T":0},"geometry":{"type":"LineString","coordinates":[[-74.822004610258,38.986047764308],[-74.8218224606377,38.9858975197222],[-74.8206961893331,38.9849567376309],[-74.8203716091537,38.9846846653614]]}},{"type":"Feature","id":239334,"properties":{"OBJECTID":239334,"PRIMENAME":"Atlantic Avenue","ELEVTYP_F":0,"ELEVTYP_T":0},"geometry":{"type":"LineString","coordinates":[[-74.8207375673385,38.9818467653896],[-74.8202254202228,38.982222649984],[-74.8200692126642,38.9823380749103]]}},{"type":"Feature","id":240234,"properties":{"OBJECTID":240234,"PRIMENAME":"Hudson Avenue","ELEVTYP_F":0,"ELEVTYP_T":0},"geometry":{"type":"LineString","coordinates":[[-74.8227413126208,38.9908253024873],[-74.8234000059212,38.9903392228678]]}},{"type":"Feature","id":240745,"properties":{"OBJECTID":240745,"PRIMENAME":"Hudson Avenue","ELEVTYP_F":0,"ELEVTYP_T":0},"geometry":{"type":"LineString","coordinates":[[-74.8247280335842,38.98936070682],[-74.8250368355905,38.9891363903719]]}},{"type":"Feature","id":241839,"properties":{"OBJECTID":241839,"PRIMENAME":"West 26th Avenue","ELEVTYP_F":0,"ELEVTYP_T":0},"geometry":{"type":"LineString","coordinates":[[-74.8154038767931,38.9982480624567],[-74.8143624758891,38.9974909355561]]}},{"type":"Feature","id":242207,"properties":{"OBJECTID":242207,"PRIMENAME":"East Maple Avenue","ELEVTYP_F":0,"ELEVTYP_T":0},"geometry":{"type":"LineString","coordinates":[[-74.8083179618901,38.9890771485312],[-74.8085889986617,38.9892591678994],[-74.8097822630268,38.9901327524417]]}},{"type":"Feature","id":242224,"properties":{"OBJECTID":242224,"PRIMENAME":"Park Boulevard","ELEVTYP_F":0,"ELEVTYP_T":0},"geometry":{"type":"LineString","coordinates":[[-74.8321206693937,38.982011195563],[-74.8316243173465,38.9824193757404],[-74.8315147233969,38.9825083232628]]}},{"type":"Feature","id":242597,"properties":{"OBJECTID":242597,"PRIMENAME":"West 24th Avenue","ELEVTYP_F":0,"ELEVTYP_T":0},"geometry":{"type":"LineString","coordinates":[[-74.811741749149,38.9975774593148],[-74.8105997195996,38.9967467318383],[-74.8102752679765,38.9965076636671]]}},{"type":"Feature","id":243049,"properties":{"OBJECTID":243049,"PRIMENAME":"Mediterranean Avenue","ELEVTYP_F":0,"ELEVTYP_T":0},"geometry":{"type":"LineString","coordinates":[[-74.8299587315347,38.9905798198899],[-74.8292892760864,38.9910653632455]]}},{"type":"Feature","id":243083,"properties":{"OBJECTID":243083,"PRIMENAME":"Park Boulevard","ELEVTYP_F":0,"ELEVTYP_T":0},"geometry":{"type":"LineString","coordinates":[[-74.8209207391197,38.9903531245723],[-74.8205975846475,38.9905900726305],[-74.8202516381051,38.9908447663059]]}},{"type":"Feature","id":243118,"properties":{"OBJECTID":243118,"PRIMENAME":"West Rio Grande Avenue","ELEVTYP_F":0,"ELEVTYP_T":0},"geometry":{"type":"LineString","coordinates":[[-74.8346691325496,38.9906216239341],[-74.8356345898229,38.9910829523695],[-74.8368789612457,38.9916981406918],[-74.8372490716607,38.9918780973581]]}},{"type":"Feature","id":244297,"properties":{"OBJECTID":244297,"PRIMENAME":"Surf Avenue","ELEVTYP_F":0,"ELEVTYP_T":0},"geometry":{"type":"LineString","coordinates":[[-74.8041745137536,38.9920259626249],[-74.8048281946777,38.9914874173761]]}},{"type":"Feature","id":244411,"properties":{"OBJECTID":244411,"PRIMENAME":"Susquehanna Avenue","ELEVTYP_F":0,"ELEVTYP_T":0},"geometry":{"type":"LineString","coordinates":[[-74.8211504217412,38.9944717443173],[-74.8211142181208,38.9944880171602],[-74.8210487972348,38.9945169734674],[-74.8209140053449,38.9946197093851],[-74.8206586505492,38.9948368898055],[-74.8206159235529,38.994873228234],[-74.8205032604545,38.9949677743741]]}},{"type":"Feature","id":245083,"properties":{"OBJECTID":245083,"PRIMENAME":"Hudson Avenue","ELEVTYP_F":0,"ELEVTYP_T":0},"geometry":{"type":"LineString","coordinates":[[-74.8314191911681,38.984458719445],[-74.830749466016,38.9849474839342]]}},{"type":"Feature","id":245755,"properties":{"OBJECTID":245755,"PRIMENAME":"East 23rd Avenue","ELEVTYP_F":0,"ELEVTYP_T":0},"geometry":{"type":"LineString","coordinates":[[-74.8035222659911,38.9925645274734],[-74.8044689895082,38.993260327784],[-74.8051662136166,38.9937728563653]]}},{"type":"Feature","id":246079,"properties":{"OBJECTID":246079,"PRIMENAME":"West Youngs Avenue","ELEVTYP_F":0,"ELEVTYP_T":0},"geometry":{"type":"LineString","coordinates":[[-74.8227413126208,38.9908253024873],[-74.8217311243316,38.9899849006556],[-74.8215885171304,38.9898668103305]]}},{"type":"Feature","id":246130,"properties":{"OBJECTID":246130,"PRIMENAME":"Ocean Avenue","ELEVTYP_F":0,"ELEVTYP_T":0},"geometry":{"type":"LineString","coordinates":[[-74.8251041915582,38.977170344138],[-74.8257480007454,38.9766990092527]]}},{"type":"Feature","id":246214,"properties":{"OBJECTID":246214,"PRIMENAME":"East Crocus Road","ELEVTYP_F":0,"ELEVTYP_T":0},"geometry":{"type":"LineString","coordinates":[[-74.8296385352154,38.9778991109601],[-74.8289995922117,38.9773663808454],[-74.8287022449472,38.9771176491966]]}},{"type":"Feature","id":246878,"properties":{"OBJECTID":246878,"PRIMENAME":"East Youngs Avenue","ELEVTYP_F":0,"ELEVTYP_T":0},"geometry":{"type":"LineString","coordinates":[[-74.815114089743,38.9844784634385],[-74.8146467069357,38.984089403234]]}},{"type":"Feature","id":246897,"properties":{"OBJECTID":246897,"PRIMENAME":"Atlantic Avenue","ELEVTYP_F":0,"ELEVTYP_T":0},"geometry":{"type":"LineString","coordinates":[[-74.8160621155782,38.9852682120194],[-74.8157547360149,38.9854908254235],[-74.8154797561284,38.9856971231405],[-74.8153968514123,38.9857569872132]]}},{"type":"Feature","id":248625,"properties":{"OBJECTID":248625,"PRIMENAME":"East Aster Road","ELEVTYP_F":0,"ELEVTYP_T":0},"geometry":{"type":"LineString","coordinates":[[-74.8293575560409,38.9766361290891],[-74.8295713877413,38.9768155706532],[-74.8302942144127,38.9774208808841]]}},{"type":"Feature","id":249038,"properties":{"OBJECTID":249038,"PRIMENAME":"East Columbine Road","ELEVTYP_F":0,"ELEVTYP_T":0},"geometry":{"type":"LineString","coordinates":[[-74.8345852784959,38.9768372462193],[-74.8336622571381,38.9760658623136],[-74.8329525931123,38.975472370852]]}},{"type":"Feature","id":249486,"properties":{"OBJECTID":249486,"PRIMENAME":"New York Avenue","ELEVTYP_F":0,"ELEVTYP_T":0},"geometry":{"type":"LineString","coordinates":[[-74.8096257497434,38.9970498521027],[-74.8097218556917,38.9969710660764],[-74.8102752679765,38.9965076636671]]}},{"type":"Feature","id":250466,"properties":{"OBJECTID":250466,"PRIMENAME":"East Juniper Avenue","ELEVTYP_F":0,"ELEVTYP_T":0},"geometry":{"type":"LineString","coordinates":[[-74.8093702519377,38.9932676174098],[-74.8095529672412,38.9933956923804],[-74.8104666672012,38.9940631118897]]}},{"type":"Feature","id":251488,"properties":{"OBJECTID":251488,"PRIMENAME":"West Lincoln Avenue","ELEVTYP_F":0,"ELEVTYP_T":0},"geometry":{"type":"LineString","coordinates":[[-74.8183060079439,38.9913091118814],[-74.8185648406,38.9915238984644],[-74.8189200972734,38.9918207148669]]}},{"type":"Feature","id":251685,"properties":{"OBJECTID":251685,"PRIMENAME":"Atlantic Avenue","ELEVTYP_F":0,"ELEVTYP_T":0},"geometry":{"type":"LineString","coordinates":[[-74.816728373315,38.9847832472731],[-74.8161797359946,38.9851829922551],[-74.8160621155782,38.9852682120194]]}},{"type":"Feature","id":252187,"properties":{"OBJECTID":252187,"PRIMENAME":"East Hand Avenue","ELEVTYP_F":0,"ELEVTYP_T":0},"geometry":{"type":"LineString","coordinates":[[-74.8220830856078,38.98086545636],[-74.8219100195185,38.9807215026543],[-74.8211346807823,38.9800714465135]]}},{"type":"Feature","id":253007,"properties":{"OBJECTID":253007,"PRIMENAME":"East 20th Avenue","ELEVTYP_F":0,"ELEVTYP_T":0},"geometry":{"type":"LineString","coordinates":[[-74.8047675406255,38.996533493152],[-74.8047139916904,38.9964941202426],[-74.8046539494741,38.9964499869841]]}},{"type":"Feature","id":253495,"properties":{"OBJECTID":253495,"PRIMENAME":"West 21st Avenue","ELEVTYP_F":0,"ELEVTYP_T":0},"geometry":{"type":"LineString","coordinates":[[-74.8083210339508,38.9981295107009],[-74.8089242877956,38.99857186123],[-74.8097829120583,38.9991996166923]]}},{"type":"Feature","id":253774,"properties":{"OBJECTID":253774,"PRIMENAME":"Susquehanna Avenue","ELEVTYP_F":0,"ELEVTYP_T":0},"geometry":{"type":"LineString","coordinates":[[-74.8276839018022,38.9897211822373],[-74.827867965823,38.9895874913523],[-74.8283497177376,38.9892325006964]]}},{"type":"Feature","id":253992,"properties":{"OBJECTID":253992,"PRIMENAME":"West 23rd Avenue","ELEVTYP_F":0,"ELEVTYP_T":0},"geometry":{"type":"LineString","coordinates":[[-74.8081639778648,38.9959769426173],[-74.8094374593745,38.9969119889314],[-74.8096257497434,38.9970498521027]]}},{"type":"Feature","id":254014,"properties":{"OBJECTID":254014,"PRIMENAME":"East 20th Avenue","ELEVTYP_F":0,"ELEVTYP_T":0},"geometry":{"type":"LineString","coordinates":[[-74.8015671029664,38.9941857154341],[-74.8012732670121,38.993971008595],[-74.7997285402338,38.9928394722264],[-74.7991973875555,38.992440272524]]}},{"type":"Feature","id":254245,"properties":{"OBJECTID":254245,"PRIMENAME":"Ocean Avenue","ELEVTYP_F":0,"ELEVTYP_T":0},"geometry":{"type":"LineString","coordinates":[[-74.8238076988415,38.9781168168438],[-74.8233787420106,38.9784275726943],[-74.8231322597448,38.978608410635]]}},{"type":"Feature","id":254503,"properties":{"OBJECTID":254503,"PRIMENAME":"Park Boulevard","ELEVTYP_F":0,"ELEVTYP_T":0},"geometry":{"type":"LineString","coordinates":[[-74.8242560827892,38.9879197121912],[-74.8239684371222,38.988130567521],[-74.8239006187192,38.9881800159583]]}},{"type":"Feature","id":254846,"properties":{"OBJECTID":254846,"PRIMENAME":"West Tacony Road","ELEVTYP_F":0,"ELEVTYP_T":0},"geometry":{"type":"LineString","coordinates":[[-74.8246292839884,38.987645627914],[-74.8253846070921,38.9882637547751],[-74.8257818296305,38.9885946725478]]}},{"type":"Feature","id":255846,"properties":{"OBJECTID":255846,"PRIMENAME":"New Jersey Avenue","ELEVTYP_F":0,"ELEVTYP_T":0},"geometry":{"type":"LineString","coordinates":[[-74.8246808912319,38.9840860508613],[-74.824302432407,38.984367892989],[-74.8240124754899,38.9845780135458]]}},{"type":"Feature","id":256308,"properties":{"OBJECTID":256308,"PRIMENAME":"New Jersey Avenue","ELEVTYP_F":0,"ELEVTYP_T":0},"geometry":{"type":"LineString","coordinates":[[-74.8081639778648,38.9959769426173],[-74.8077567012872,38.9963130919249],[-74.8075112372993,38.9965168756991]]}},{"type":"Feature","id":256868,"properties":{"OBJECTID":256868,"PRIMENAME":"West Montgomery Avenue","ELEVTYP_F":0,"ELEVTYP_T":0},"geometry":{"type":"LineString","coordinates":[[-74.8295748071515,38.9933807260774],[-74.8299917218185,38.9937289556905],[-74.8307541675608,38.9943642702606],[-74.8310688000495,38.9945976807539]]}},{"type":"Feature","id":257870,"properties":{"OBJECTID":257870,"PRIMENAME":"East Oak Avenue","ELEVTYP_F":0,"ELEVTYP_T":0},"geometry":{"type":"LineString","coordinates":[[-74.8133581991078,38.98987547432],[-74.8129400987847,38.9895780139344],[-74.8123850591791,38.9891828641395],[-74.8118341365738,38.9887940995067],[-74.8115881411267,38.9886192970874]]}},{"type":"Feature","id":258069,"properties":{"OBJECTID":258069,"PRIMENAME":"Park Boulevard","ELEVTYP_F":0,"ELEVTYP_T":0},"geometry":{"type":"LineString","coordinates":[[-74.8269354627879,38.9859570048417],[-74.8263266168661,38.9864046335078],[-74.8262620936892,38.9864510544139]]}},{"type":"Feature","id":258237,"properties":{"OBJECTID":258237,"PRIMENAME":"Arctic Avenue","ELEVTYP_F":0,"ELEVTYP_T":0},"geometry":{"type":"LineString","coordinates":[[-74.8256508927515,38.9859413760652],[-74.826320900897,38.9854469961476]]}},{"type":"Feature","id":258431,"properties":{"OBJECTID":258431,"PRIMENAME":"West 26th Avenue","ELEVTYP_F":0,"ELEVTYP_T":0},"geometry":{"type":"LineString","coordinates":[[-74.8143624758891,38.9974909355561],[-74.814156809225,38.9973414291343],[-74.8132655778103,38.9966796081778],[-74.8131073474803,38.9965776137599]]}},{"type":"Feature","id":258475,"properties":{"OBJECTID":258475,"PRIMENAME":"Ocean Avenue","ELEVTYP_F":0,"ELEVTYP_T":0},"geometry":{"type":"LineString","coordinates":[[-74.807211135723,38.9900251314277],[-74.8067255295229,38.9904419911835],[-74.8066629572648,38.9904957273484]]}},{"type":"Feature","id":258826,"properties":{"OBJECTID":258826,"PRIMENAME":"West Baker Avenue","ELEVTYP_F":0,"ELEVTYP_T":0},"geometry":{"type":"LineString","coordinates":[[-74.8223006459133,38.9883858813646],[-74.8216362341555,38.9878315444285],[-74.8210855699056,38.9873611341406]]}},{"type":"Feature","id":259445,"properties":{"OBJECTID":259445,"PRIMENAME":"Lake Road","ELEVTYP_F":0,"ELEVTYP_T":0},"geometry":{"type":"LineString","coordinates":[[-74.8192117524657,38.9969839306683],[-74.8193063575969,38.996972771361],[-74.8194257418999,38.9969791163769],[-74.8198053687781,38.9970545759477],[-74.8205902543983,38.9972319991134],[-74.8207060107426,38.9972529062284]]}},{"type":"Feature","id":259604,"properties":{"OBJECTID":259604,"PRIMENAME":"East Maple Avenue","ELEVTYP_F":0,"ELEVTYP_T":0},"geometry":{"type":"LineString","coordinates":[[-74.807643007532,38.988623888945],[-74.8083179618901,38.9890771485312]]}},{"type":"Feature","id":259610,"properties":{"OBJECTID":259610,"PRIMENAME":"Atlantic Avenue","ELEVTYP_F":0,"ELEVTYP_T":0},"geometry":{"type":"LineString","coordinates":[[-74.8058141008021,38.9932347884436],[-74.8055723167823,38.9934341380552],[-74.8051662136166,38.9937728563653]]}},{"type":"Feature","id":259678,"properties":{"OBJECTID":259678,"PRIMENAME":"Atlantic Avenue","ELEVTYP_F":0,"ELEVTYP_T":0},"geometry":{"type":"LineString","coordinates":[[-74.8247517304858,38.9789074959038],[-74.8254071490859,38.9784322038293]]}},{"type":"Feature","id":260621,"properties":{"OBJECTID":260621,"PRIMENAME":"West Montgomery Avenue","ELEVTYP_F":0,"ELEVTYP_T":0},"geometry":{"type":"LineString","coordinates":[[-74.8217497021024,38.9868686227461],[-74.8219244658069,38.9870110340571],[-74.8229084341018,38.9878353628737],[-74.8229770896909,38.9878925876504]]}},{"type":"Feature","id":261230,"properties":{"OBJECTID":261230,"PRIMENAME":"Q Avenue","ELEVTYP_F":0,"ELEVTYP_T":0},"geometry":{"type":"LineString","coordinates":[[-74.8236148569839,38.9977596095658],[-74.8239026529608,38.9975187967836]]}},{"type":"Feature","id":261268,"properties":{"OBJECTID":261268,"PRIMENAME":"New Jersey Avenue","ELEVTYP_F":0,"ELEVTYP_T":0},"geometry":{"type":"LineString","coordinates":[[-74.822004610258,38.986047764308],[-74.8218150753295,38.9861855240159],[-74.8213386987035,38.9865337193101]]}},{"type":"Feature","id":262147,"properties":{"OBJECTID":262147,"PRIMENAME":"West Youngs Avenue","ELEVTYP_F":0,"ELEVTYP_T":0},"geometry":{"type":"LineString","coordinates":[[-74.82097316721,38.9893569552488],[-74.8200773527794,38.9886147435794],[-74.8194443768795,38.9880767288831],[-74.8193442596314,38.9879937216137]]}},{"type":"Feature","id":262346,"properties":{"OBJECTID":262346,"PRIMENAME":"Ocean Avenue","ELEVTYP_F":0,"ELEVTYP_T":0},"geometry":{"type":"LineString","coordinates":[[-74.8094677477092,38.9880715163847],[-74.808874130773,38.9885959789808]]}},{"type":"Feature","id":262636,"properties":{"OBJECTID":262636,"PRIMENAME":"Dock Street","ELEVTYP_F":0,"ELEVTYP_T":0},"geometry":{"type":"LineString","coordinates":[[-74.82820737265,38.9917193981492],[-74.8266535468892,38.9904805771928]]}},{"type":"Feature","id":263135,"properties":{"OBJECTID":263135,"PRIMENAME":"East Schellenger Avenue","ELEVTYP_F":0,"ELEVTYP_T":0},"geometry":{"type":"LineString","coordinates":[[-74.8159992879526,38.9904370699252],[-74.8152865100347,38.9898469402292],[-74.8143623547378,38.989072882356]]}},{"type":"Feature","id":263247,"properties":{"OBJECTID":263247,"PRIMENAME":"East Hildreth Avenue","ELEVTYP_F":0,"ELEVTYP_T":0},"geometry":{"type":"LineString","coordinates":[[-74.8231322597448,38.978608410635],[-74.8240850207945,38.9794004158433]]}},{"type":"Feature","id":263810,"properties":{"OBJECTID":263810,"PRIMENAME":"Pacific Avenue","ELEVTYP_F":0,"ELEVTYP_T":0},"geometry":{"type":"LineString","coordinates":[[-74.8316574192171,38.976423622394],[-74.8312883267368,38.9766929396899],[-74.8309762066264,38.9769217858896]]}},{"type":"Feature","id":263843,"properties":{"OBJECTID":263843,"PRIMENAME":"New Jersey Avenue","ELEVTYP_F":0,"ELEVTYP_T":0},"geometry":{"type":"LineString","coordinates":[[-74.8193442596314,38.9879937216137],[-74.8189067744337,38.9883109089201],[-74.8186697880159,38.9884855331141]]}},{"type":"Feature","id":264398,"properties":{"OBJECTID":264398,"PRIMENAME":"Park Boulevard","ELEVTYP_F":0,"ELEVTYP_T":0},"geometry":{"type":"LineString","coordinates":[[-74.8222542530262,38.989382227539],[-74.8220143246632,38.9895584593399],[-74.8215885171304,38.9898668103305]]}},{"type":"Feature","id":264485,"properties":{"OBJECTID":264485,"PRIMENAME":"East Cresse Avenue","ELEVTYP_F":0,"ELEVTYP_T":0},"geometry":{"type":"LineString","coordinates":[[-74.828030833848,38.9816368354395],[-74.8278215551093,38.9814628980276],[-74.8267014547581,38.980527152963],[-74.8263903402217,38.9802692004185]]}},{"type":"Feature","id":264554,"properties":{"OBJECTID":264554,"PRIMENAME":"Dock Street","ELEVTYP_F":0,"ELEVTYP_T":0},"geometry":{"type":"LineString","coordinates":[[-74.8250368355905,38.9891363903719],[-74.8249302101525,38.9890475297143],[-74.8242586425445,38.9884807624805],[-74.8239006187192,38.9881800159583]]}},{"type":"Feature","id":264884,"properties":{"OBJECTID":264884,"PRIMENAME":"West Lavender Road","ELEVTYP_F":0,"ELEVTYP_T":0},"geometry":{"type":"LineString","coordinates":[[-74.829966924188,38.9802188604675],[-74.8311247267915,38.981174346594],[-74.8321206693937,38.982011195563]]}},{"type":"Feature","id":265271,"properties":{"OBJECTID":265271,"PRIMENAME":"Atlantic Avenue","ELEVTYP_F":0,"ELEVTYP_T":0},"geometry":{"type":"LineString","coordinates":[[-74.8140570034883,38.9867336999052],[-74.8138505346893,38.9868890933555],[-74.8134713543436,38.9871641475595],[-74.8133902722311,38.9872232080348]]}},{"type":"Feature","id":265583,"properties":{"OBJECTID":265583,"PRIMENAME":"East Cardinal Road","ELEVTYP_F":0,"ELEVTYP_T":0},"geometry":{"type":"LineString","coordinates":[[-74.8300398972122,38.9761365718675],[-74.8295939087636,38.9757623378615],[-74.8293409410632,38.9755551916147]]}},{"type":"Feature","id":265803,"properties":{"OBJECTID":265803,"PRIMENAME":"Atlantic Avenue","ELEVTYP_F":0,"ELEVTYP_T":0},"geometry":{"type":"LineString","coordinates":[[-74.8064684791608,38.992695271069],[-74.8058141008021,38.9932347884436]]}},{"type":"Feature","id":266064,"properties":{"OBJECTID":266064,"PRIMENAME":"Pacific Avenue","ELEVTYP_F":0,"ELEVTYP_T":0},"geometry":{"type":"LineString","coordinates":[[-74.823028450955,38.9827433203094],[-74.8225451640142,38.983097099961],[-74.8223809208601,38.9832169707184]]}},{"type":"Feature","id":266097,"properties":{"OBJECTID":266097,"PRIMENAME":"New York Avenue","ELEVTYP_F":0,"ELEVTYP_T":0},"geometry":{"type":"LineString","coordinates":[[-74.8109223610608,38.9959683337788],[-74.8115702650504,38.9954318808633]]}},{"type":"Feature","id":266357,"properties":{"OBJECTID":266357,"PRIMENAME":"East Bennett Avenue","ELEVTYP_F":0,"ELEVTYP_T":0},"geometry":{"type":"LineString","coordinates":[[-74.8234209106434,38.9798868168874],[-74.8224690612755,38.9790938434793]]}},{"type":"Feature","id":266393,"properties":{"OBJECTID":266393,"PRIMENAME":"Arctic Avenue","ELEVTYP_F":0,"ELEVTYP_T":0},"geometry":{"type":"LineString","coordinates":[[-74.8203066362332,38.9898465570474],[-74.820918917743,38.9893966163697],[-74.82097316721,38.9893569552488]]}},{"type":"Feature","id":266812,"properties":{"OBJECTID":266812,"PRIMENAME":"Kirby Avenue","ELEVTYP_F":0,"ELEVTYP_T":0},"geometry":{"type":"LineString","coordinates":[[-74.8152418006354,38.9931249339237],[-74.8158491811835,38.9926036416016]]}},{"type":"Feature","id":266928,"properties":{"OBJECTID":266928,"PRIMENAME":"Atlantic Avenue","ELEVTYP_F":0,"ELEVTYP_T":0},"geometry":{"type":"LineString","coordinates":[[-74.8214153418791,38.9813632248592],[-74.8209795431665,38.9816691583648],[-74.8207375673385,38.9818467653896]]}},{"type":"Feature","id":267185,"properties":{"OBJECTID":267185,"PRIMENAME":"East 22nd Avenue","ELEVTYP_F":0,"ELEVTYP_T":0},"geometry":{"type":"LineString","coordinates":[[-74.8075112372993,38.9965168756991],[-74.80726544854,38.9963367649971],[-74.8060644063322,38.9954555422323]]}},{"type":"Feature","id":267893,"properties":{"OBJECTID":267893,"PRIMENAME":"Pacific Avenue","ELEVTYP_F":0,"ELEVTYP_T":0},"geometry":{"type":"LineString","coordinates":[[-74.8163653287715,38.9876116250806],[-74.816249455518,38.9876950007013],[-74.8158036293044,38.9880224139154],[-74.8156974715863,38.9880992827704]]}},{"type":"Feature","id":268348,"properties":{"OBJECTID":268348,"PRIMENAME":"Arctic Avenue","ELEVTYP_F":0,"ELEVTYP_T":0},"geometry":{"type":"LineString","coordinates":[[-74.8196402362409,38.9903362654583],[-74.8203066362332,38.9898465570474]]}},{"type":"Feature","id":269699,"properties":{"OBJECTID":269699,"PRIMENAME":"Delaware Avenue","ELEVTYP_F":0,"ELEVTYP_T":0},"geometry":{"type":"LineString","coordinates":[[-74.8123880154912,38.9970426270227],[-74.8121344198361,38.9972511105267],[-74.811741749149,38.9975774593148]]}},{"type":"Feature","id":269872,"properties":{"OBJECTID":269872,"PRIMENAME":"Park Boulevard","ELEVTYP_F":0,"ELEVTYP_T":0},"geometry":{"type":"LineString","coordinates":[[-74.8246292839884,38.987645627914],[-74.8245267549767,38.9877212037579],[-74.8242560827892,38.9879197121912]]}},{"type":"Feature","id":270363,"properties":{"OBJECTID":270363,"PRIMENAME":"West Crocus Road","ELEVTYP_F":0,"ELEVTYP_T":0},"geometry":{"type":"LineString","coordinates":[[-74.8333664935672,38.9809960741622],[-74.833133125092,38.9808039005007],[-74.8325672929481,38.9803291927428],[-74.8314645397628,38.9794188428481],[-74.8312719941533,38.979257714877]]}},{"type":"Feature","id":270573,"properties":{"OBJECTID":270573,"PRIMENAME":"East Bennett Avenue","ELEVTYP_F":0,"ELEVTYP_T":0},"geometry":{"type":"LineString","coordinates":[[-74.8266960160234,38.9826123894012],[-74.8264945050366,38.9824443862123],[-74.8255413945103,38.981667751109],[-74.8250565421027,38.9812593675557]]}},{"type":"Feature","id":270824,"properties":{"OBJECTID":270824,"PRIMENAME":"Pacific Avenue","ELEVTYP_F":0,"ELEVTYP_T":0},"geometry":{"type":"LineString","coordinates":[[-74.8127447185522,38.9904005322706],[-74.8125124238939,38.9905989375893],[-74.8121323216417,38.990926270521]]}},{"type":"Feature","id":270944,"properties":{"OBJECTID":270944,"PRIMENAME":"East Davis Avenue","ELEVTYP_F":0,"ELEVTYP_T":0},"geometry":{"type":"LineString","coordinates":[[-74.8203716091537,38.9846846653614],[-74.8195769604238,38.984018643997],[-74.8187282939291,38.9833142671091]]}},{"type":"Feature","id":270955,"properties":{"OBJECTID":270955,"PRIMENAME":"West Leaming Avenue","ELEVTYP_F":0,"ELEVTYP_T":0},"geometry":{"type":"LineString","coordinates":[[-74.8294194923933,38.9859260195491],[-74.8304489685656,38.9867764886078],[-74.8310090511858,38.9872473504525]]}},{"type":"Feature","id":271458,"properties":{"OBJECTID":271458,"PRIMENAME":"West Glenwood Avenue","ELEVTYP_F":0,"ELEVTYP_T":0},"geometry":{"type":"LineString","coordinates":[[-74.8174874658661,38.9964661851528],[-74.8174377756844,38.9964334253334],[-74.816432347375,38.9957175711206]]}},{"type":"Feature","id":272130,"properties":{"OBJECTID":272130,"PRIMENAME":"Susquehanna Avenue","ELEVTYP_F":0,"ELEVTYP_T":0},"geometry":{"type":"LineString","coordinates":[[-74.8205032604545,38.9949677743741],[-74.8203137587018,38.9951267295958],[-74.82004015313,38.9953545889378],[-74.8198884579406,38.9954861453988]]}},{"type":"Feature","id":272243,"properties":{"OBJECTID":272243,"PRIMENAME":"Park Boulevard","ELEVTYP_F":0,"ELEVTYP_T":0},"geometry":{"type":"LineString","coordinates":[[-74.8215885171304,38.9898668103305],[-74.8212184316517,38.9901348629671],[-74.8209207391197,38.9903531245723]]}},{"type":"Feature","id":272297,"properties":{"OBJECTID":272297,"PRIMENAME":"East Andrews Avenue","ELEVTYP_F":0,"ELEVTYP_T":0},"geometry":{"type":"LineString","coordinates":[[-74.8200692126642,38.9823380749103],[-74.8195108610171,38.9818832185852],[-74.8191143994302,38.9815500787932]]}},{"type":"Feature","id":272675,"properties":{"OBJECTID":272675,"PRIMENAME":"Atlantic Avenue","ELEVTYP_F":0,"ELEVTYP_T":0},"geometry":{"type":"LineString","coordinates":[[-74.8200692126642,38.9823380749103],[-74.8196671707754,38.9826352337494],[-74.8194009789025,38.9828272650124]]}},{"type":"Feature","id":273108,"properties":{"OBJECTID":273108,"PRIMENAME":"West 20th Avenue","ELEVTYP_F":0,"ELEVTYP_T":0},"geometry":{"type":"LineString","coordinates":[[-74.8076681501262,38.9986731519172],[-74.807168881704,38.9983115231843],[-74.8062088246743,38.9975974650575]]}},{"type":"Feature","id":273117,"properties":{"OBJECTID":273117,"PRIMENAME":"Ocean Avenue","ELEVTYP_F":0,"ELEVTYP_T":0},"geometry":{"type":"LineString","coordinates":[[-74.8204603835305,38.9805669754857],[-74.8202933097599,38.9806903104506],[-74.8198530328748,38.9810097614563],[-74.8197826244223,38.9810614118651]]}},{"type":"Feature","id":274041,"properties":{"OBJECTID":274041,"PRIMENAME":"West Leaming Avenue","ELEVTYP_F":0,"ELEVTYP_T":0},"geometry":{"type":"LineString","coordinates":[[-74.8260303871456,38.9830999353804],[-74.8262504659257,38.9832815616692],[-74.8271757447957,38.9840664233903],[-74.8276576930279,38.9844637128003]]}},{"type":"Feature","id":274303,"properties":{"OBJECTID":274303,"PRIMENAME":"Pacific Avenue","ELEVTYP_F":0,"ELEVTYP_T":0},"geometry":{"type":"LineString","coordinates":[[-74.8335938065004,38.9750020702799],[-74.8334975409529,38.9750722823751],[-74.8329525931123,38.975472370852]]}},{"type":"Feature","id":274589,"properties":{"OBJECTID":274589,"PRIMENAME":"New York Avenue","ELEVTYP_F":0,"ELEVTYP_T":0},"geometry":{"type":"LineString","coordinates":[[-74.8102752679765,38.9965076636671],[-74.8106582519171,38.9961869471133],[-74.8109223610608,38.9959683337788]]}},{"type":"Feature","id":275015,"properties":{"OBJECTID":275015,"PRIMENAME":"West Pine Avenue","ELEVTYP_F":0,"ELEVTYP_T":0},"geometry":{"type":"LineString","coordinates":[[-74.8186122217276,38.9955153390092],[-74.8185145396848,38.9954438564489],[-74.8176854004449,38.9948621601698],[-74.8175441524226,38.994765534285]]}},{"type":"Feature","id":275663,"properties":{"OBJECTID":275663,"PRIMENAME":"Seaview Avenue","ELEVTYP_F":0,"ELEVTYP_T":0},"geometry":{"type":"LineString","coordinates":[[-74.8287022449472,38.9771176491966],[-74.8283997939588,38.9773399254852],[-74.828048769609,38.9775949858245]]}},{"type":"Feature","id":276240,"properties":{"OBJECTID":276240,"PRIMENAME":"East Cresse Avenue","ELEVTYP_F":0,"ELEVTYP_T":0},"geometry":{"type":"LineString","coordinates":[[-74.8263903402217,38.9802692004185],[-74.8256272184779,38.9796366032396],[-74.8254523479062,38.9794914247121]]}},{"type":"Feature","id":276579,"properties":{"OBJECTID":276579,"PRIMENAME":"Susquehanna Avenue","ELEVTYP_F":0,"ELEVTYP_T":0},"geometry":{"type":"LineString","coordinates":[[-74.8296903212456,38.988250185671],[-74.8299064036696,38.9880918534267]]}},{"type":"Feature","id":276814,"properties":{"OBJECTID":276814,"PRIMENAME":"East 18th Avenue","ELEVTYP_F":0,"ELEVTYP_T":0},"geometry":{"type":"LineString","coordinates":[[-74.80490466412,38.9986732670234],[-74.8034686006388,38.9976131366382]]}},{"type":"Feature","id":277356,"properties":{"OBJECTID":277356,"PRIMENAME":"New Jersey Avenue","ELEVTYP_F":0,"ELEVTYP_T":0},"geometry":{"type":"LineString","coordinates":[[-74.8075112372993,38.9965168756991],[-74.8068595814688,38.9970579292202]]}},{"type":"Feature","id":277506,"properties":{"OBJECTID":277506,"PRIMENAME":"Pacific Avenue","ELEVTYP_F":0,"ELEVTYP_T":0},"geometry":{"type":"LineString","coordinates":[[-74.8250565421027,38.9812593675557],[-74.8243945922466,38.9817434626701]]}},{"type":"Feature","id":278105,"properties":{"OBJECTID":278105,"PRIMENAME":"Hudson Avenue","ELEVTYP_F":0,"ELEVTYP_T":0},"geometry":{"type":"LineString","coordinates":[[-74.8250368355905,38.9891363903719],[-74.82513604021,38.9890642826777]]}},{"type":"Feature","id":278636,"properties":{"OBJECTID":278636,"PRIMENAME":"Pacific Avenue","ELEVTYP_F":0,"ELEVTYP_T":0},"geometry":{"type":"LineString","coordinates":[[-74.8093702519377,38.9932676174098],[-74.809642626707,38.9930339378275],[-74.8099090531726,38.9928081262321]]}},{"type":"Feature","id":279436,"properties":{"OBJECTID":279436,"PRIMENAME":"East Bennett Avenue","ELEVTYP_F":0,"ELEVTYP_T":0},"geometry":{"type":"LineString","coordinates":[[-74.8250565421027,38.9812593675557],[-74.8246547559454,38.9809209634277],[-74.8235474021836,38.9799921819162],[-74.8234209106434,38.9798868168874]]}},{"type":"Feature","id":280613,"properties":{"OBJECTID":280613,"PRIMENAME":"West Wildwood Avenue","ELEVTYP_F":0,"ELEVTYP_T":0},"geometry":{"type":"LineString","coordinates":[[-74.8144239861346,38.9915913929116],[-74.8152385487704,38.992169692852],[-74.8158491811835,38.9926036416016]]}},{"type":"Feature","id":280718,"properties":{"OBJECTID":280718,"PRIMENAME":"East Burk Avenue","ELEVTYP_F":0,"ELEVTYP_T":0},"geometry":{"type":"LineString","coordinates":[[-74.8210464193306,38.9841927599624],[-74.8222226307682,38.9851701408829],[-74.8226783983855,38.985554892082]]}},{"type":"Feature","id":280849,"properties":{"OBJECTID":280849,"PRIMENAME":"Bennett Avenue","ELEVTYP_F":0,"ELEVTYP_T":0},"geometry":{"type":"LineString","coordinates":[[-74.8313843699305,38.9866249788085],[-74.8319370042823,38.9868825380789],[-74.8320739306566,38.9869966330301]]}},{"type":"Feature","id":281854,"properties":{"OBJECTID":281854,"PRIMENAME":"East 19th Avenue","ELEVTYP_F":0,"ELEVTYP_T":0},"geometry":{"type":"LineString","coordinates":[[-74.7984597787412,38.9929215852508],[-74.7993915840884,38.9936047123068],[-74.799801755358,38.9939054115954],[-74.8009228196207,38.9947200163672]]}},{"type":"Feature","id":282531,"properties":{"OBJECTID":282531,"PRIMENAME":"Pacific Avenue","ELEVTYP_F":0,"ELEVTYP_T":0},"geometry":{"type":"LineString","coordinates":[[-74.8121323216417,38.990926270521],[-74.8119043789429,38.9911225756721],[-74.8116753074403,38.991318939242],[-74.8116128096951,38.9913647691644],[-74.8115669518842,38.9913942724048]]}},{"type":"Feature","id":282817,"properties":{"OBJECTID":282817,"PRIMENAME":"East Glenwood Avenue","ELEVTYP_F":0,"ELEVTYP_T":0},"geometry":{"type":"LineString","coordinates":[[-74.81102129638,38.9918581822028],[-74.8103695848269,38.9914038064828],[-74.8093114793015,38.9906536243886],[-74.8092023889996,38.9905766175701]]}},{"type":"Feature","id":283279,"properties":{"OBJECTID":283279,"PRIMENAME":"East Cedar Avenue","ELEVTYP_F":0,"ELEVTYP_T":0},"geometry":{"type":"LineString","coordinates":[[-74.8126072080319,38.9883746352019],[-74.81220399412,38.9880913829789]]}},{"type":"Feature","id":283447,"properties":{"OBJECTID":283447,"PRIMENAME":"New Jersey Avenue","ELEVTYP_F":0,"ELEVTYP_T":0},"geometry":{"type":"LineString","coordinates":[[-74.828030833848,38.9816368354395],[-74.8279061046581,38.981724943792],[-74.8274644914613,38.9820459090972],[-74.8273598008284,38.982123388973]]}},{"type":"Feature","id":283570,"properties":{"OBJECTID":283570,"PRIMENAME":"West Spencer Avenue","ELEVTYP_F":0,"ELEVTYP_T":0},"geometry":{"type":"LineString","coordinates":[[-74.8186697880159,38.9884855331141],[-74.819828883135,38.9894504350954],[-74.8203066362332,38.9898465570474]]}},{"type":"Feature","id":283587,"properties":{"OBJECTID":283587,"PRIMENAME":"Susquehanna Avenue","ELEVTYP_F":0,"ELEVTYP_T":0},"geometry":{"type":"LineString","coordinates":[[-74.8256741834702,38.9911929487257],[-74.8253915392505,38.9913991261237],[-74.8250109827017,38.9916741268326],[-74.82500844572,38.9916759590492]]}},{"type":"Feature","id":283665,"properties":{"OBJECTID":283665,"PRIMENAME":"Lake Avenue","ELEVTYP_F":0,"ELEVTYP_T":0},"geometry":{"type":"LineString","coordinates":[[-74.8158425346634,38.9978764626042],[-74.8154038767931,38.9982480624567]]}},{"type":"Feature","id":284514,"properties":{"OBJECTID":284514,"PRIMENAME":"East Lavender Road","ELEVTYP_F":0,"ELEVTYP_T":0},"geometry":{"type":"LineString","coordinates":[[-74.828333779028,38.9788513965225],[-74.8287196213424,38.979171519311],[-74.8298636295515,38.9801336198356],[-74.829966924188,38.9802188604675]]}},{"type":"Feature","id":284649,"properties":{"OBJECTID":284649,"PRIMENAME":"New York Avenue","ELEVTYP_F":0,"ELEVTYP_T":0},"geometry":{"type":"LineString","coordinates":[[-74.8070224008633,38.9992089178474],[-74.8076681501262,38.9986731519172]]}},{"type":"Feature","id":284659,"properties":{"OBJECTID":284659,"PRIMENAME":"West Sweetbriar Road","ELEVTYP_F":0,"ELEVTYP_T":0},"geometry":{"type":"LineString","coordinates":[[-74.8351658114432,38.9793364122318],[-74.8348949716995,38.9791202406947],[-74.8342295049769,38.978561090434],[-74.8332861138054,38.9777856992452]]}},{"type":"Feature","id":284717,"properties":{"OBJECTID":284717,"PRIMENAME":"East 21st Avenue","ELEVTYP_F":0,"ELEVTYP_T":0},"geometry":{"type":"LineString","coordinates":[[-74.802216671312,38.9936469487531],[-74.8025623303139,38.9939014154126],[-74.8038658189423,38.9948528112009]]}},{"type":"Feature","id":285517,"properties":{"OBJECTID":285517,"PRIMENAME":"Surf Avenue","ELEVTYP_F":0,"ELEVTYP_T":0},"geometry":{"type":"LineString","coordinates":[[-74.8009228196207,38.9947200163672],[-74.8015671029664,38.9941857154341]]}},{"type":"Feature","id":286365,"properties":{"OBJECTID":286365,"PRIMENAME":"West Baker Avenue","ELEVTYP_F":0,"ELEVTYP_T":0},"geometry":{"type":"LineString","coordinates":[[-74.8229205654462,38.9888946736816],[-74.8224174036987,38.9884832836643],[-74.8223006459133,38.9883858813646]]}},{"type":"Feature","id":286481,"properties":{"OBJECTID":286481,"PRIMENAME":"Ocean Avenue","ELEVTYP_F":0,"ELEVTYP_T":0},"geometry":{"type":"LineString","coordinates":[[-74.8171247214151,38.9830075052224],[-74.8165415717503,38.9834350789287],[-74.8164481827256,38.9835020836367]]}},{"type":"Feature","id":288063,"properties":{"OBJECTID":288063,"PRIMENAME":"Park Boulevard","ELEVTYP_F":0,"ELEVTYP_T":0},"geometry":{"type":"LineString","coordinates":[[-74.8175348061334,38.99283940977],[-74.8173641680265,38.9929838383496],[-74.8170268270782,38.9932718597697],[-74.8169172176638,38.9933654338586]]}},{"type":"Feature","id":288142,"properties":{"OBJECTID":288142,"PRIMENAME":"East Glenwood Avenue","ELEVTYP_F":0,"ELEVTYP_T":0},"geometry":{"type":"LineString","coordinates":[[-74.8123876899946,38.992846932691],[-74.8112326649341,38.9920055638865],[-74.81102129638,38.9918581822028]]}},{"type":"Feature","id":288506,"properties":{"OBJECTID":288506,"PRIMENAME":"New York Avenue","ELEVTYP_F":0,"ELEVTYP_T":0},"geometry":{"type":"LineString","coordinates":[[-74.8076681501262,38.9986731519172],[-74.8077750556738,38.9985844538618],[-74.8083210339508,38.9981295107009]]}},{"type":"Feature","id":288805,"properties":{"OBJECTID":288805,"PRIMENAME":"Park Boulevard","ELEVTYP_F":0,"ELEVTYP_T":0},"geometry":{"type":"LineString","coordinates":[[-74.8327475271894,38.9815038171735],[-74.8325293345587,38.9816828645149],[-74.8321616729501,38.9819774693757],[-74.8321206693937,38.982011195563]]}},{"type":"Feature","id":289876,"properties":{"OBJECTID":289876,"PRIMENAME":"New Jersey Avenue","ELEVTYP_F":0,"ELEVTYP_T":0},"geometry":{"type":"LineString","coordinates":[[-74.8144239861346,38.9915913929116],[-74.813952257099,38.9919327356771],[-74.8137658257017,38.9920714350876]]}},{"type":"Feature","id":289964,"properties":{"OBJECTID":289964,"PRIMENAME":"Atlantic Avenue","ELEVTYP_F":0,"ELEVTYP_T":0},"geometry":{"type":"LineString","coordinates":[[-74.8109717941777,38.9891411410043],[-74.8107094114787,38.9893704856742],[-74.8104261903647,38.9896061741221],[-74.8103626772382,38.989660930051]]}},{"type":"Feature","id":290612,"properties":{"OBJECTID":290612,"PRIMENAME":"Pacific Avenue","ELEVTYP_F":0,"ELEVTYP_T":0},"geometry":{"type":"LineString","coordinates":[[-74.8104635186216,38.9923358238182],[-74.8109504694319,38.9919146605609],[-74.81102129638,38.9918581822028]]}},{"type":"Feature","id":291232,"properties":{"OBJECTID":291232,"PRIMENAME":"West Bennett Avenue","ELEVTYP_F":0,"ELEVTYP_T":0},"geometry":{"type":"LineString","coordinates":[[-74.8314320327473,38.9865414026708],[-74.8311205291661,38.9862923052583],[-74.8306544123079,38.9859094290245],[-74.8300854543249,38.9854337302926]]}},{"type":"Feature","id":292543,"properties":{"OBJECTID":292543,"PRIMENAME":"West Poplar Avenue","ELEVTYP_F":0,"ELEVTYP_T":0},"geometry":{"type":"LineString","coordinates":[[-74.8124961540585,38.9946441779098],[-74.8119444451558,38.9942544271804],[-74.8110446269928,38.9936113650613]]}},{"type":"Feature","id":293242,"properties":{"OBJECTID":293242,"PRIMENAME":"Park Boulevard","ELEVTYP_F":0,"ELEVTYP_T":0},"geometry":{"type":"LineString","coordinates":[[-74.8333664935672,38.9809960741622],[-74.8331586768426,38.9811741588512],[-74.8329358950239,38.9813492931906],[-74.8327475271894,38.9815038171735]]}},{"type":"Feature","id":293272,"properties":{"OBJECTID":293272,"PRIMENAME":"East 21st Avenue","ELEVTYP_F":0,"ELEVTYP_T":0},"geometry":{"type":"LineString","coordinates":[[-74.7999755737972,38.9919966888926],[-74.8010297362823,38.9927730511778],[-74.802216671312,38.9936469487531]]}},{"type":"Feature","id":293363,"properties":{"OBJECTID":293363,"PRIMENAME":"Atlantic Avenue","ELEVTYP_F":0,"ELEVTYP_T":0},"geometry":{"type":"LineString","coordinates":[[-74.8247517304858,38.9789074959038],[-74.8242832965804,38.9792555156964],[-74.8240850207945,38.9794004158433]]}},{"type":"Feature","id":294369,"properties":{"OBJECTID":294369,"PRIMENAME":"West 26th Avenue","ELEVTYP_F":0,"ELEVTYP_T":0},"geometry":{"type":"LineString","coordinates":[[-74.8131073474803,38.9965776137599],[-74.8129883841884,38.9964810216755],[-74.8128429894169,38.9963629661045],[-74.8124906853056,38.9961127206737],[-74.8115702650504,38.9954318808633]]}},{"type":"Feature","id":294473,"properties":{"OBJECTID":294473,"PRIMENAME":"Morning Glory Road","ELEVTYP_F":0,"ELEVTYP_T":0},"geometry":{"type":"LineString","coordinates":[[-74.8327050677444,38.9845034960796],[-74.8327584014288,38.9845332464033],[-74.8328636296886,38.9845784723763],[-74.833015586013,38.9846327086825]]}},{"type":"Feature","id":294507,"properties":{"OBJECTID":294507,"PRIMENAME":"Park Boulevard","ELEVTYP_F":0,"ELEVTYP_T":0},"geometry":{"type":"LineString","coordinates":[[-74.8309019087316,38.9830055501441],[-74.8306309146081,38.9832254356952],[-74.8303692857465,38.9834394465823],[-74.8302777323666,38.9835047265807]]}},{"type":"Feature","id":294787,"properties":{"OBJECTID":294787,"PRIMENAME":"West Spicer Avenue","ELEVTYP_F":0,"ELEVTYP_T":0},"geometry":{"type":"LineString","coordinates":[[-74.8230142097275,38.9931333855052],[-74.8223817391206,38.9926119158008],[-74.8213972199806,38.9917957952956]]}},{"type":"Feature","id":295156,"properties":{"OBJECTID":295156,"PRIMENAME":"Poplar Avenue","ELEVTYP_F":0,"ELEVTYP_T":0},"geometry":{"type":"LineString","coordinates":[[-74.8165884045928,38.9975502683052],[-74.8163915709369,38.9974096937397]]}},{"type":"Feature","id":295431,"properties":{"OBJECTID":295431,"PRIMENAME":"Susquehanna Avenue","ELEVTYP_F":0,"ELEVTYP_T":0},"geometry":{"type":"LineString","coordinates":[[-74.82500844572,38.9916759590492],[-74.8246316979487,38.9919481867559],[-74.8243431876987,38.9921636243822],[-74.8243410743285,38.992165202264]]}},{"type":"Feature","id":295905,"properties":{"OBJECTID":295905,"PRIMENAME":"Venice Avenue","ELEVTYP_F":0,"ELEVTYP_T":0},"geometry":{"type":"LineString","coordinates":[[-74.818571561671,38.9973394817316],[-74.8186985813548,38.9971572776304],[-74.8188221567329,38.9969840896267],[-74.8188530314652,38.9969324389536],[-74.8188705725986,38.9969081145579],[-74.8188751319732,38.9969017897497],[-74.8188993820419,38.9968716562662],[-74.8189130365891,38.9968564348977],[-74.8189354607632,38.9968428642608],[-74.8189640342272,38.996835372049],[-74.8189717746721,38.9968353508885]]}},{"type":"Feature","id":296661,"properties":{"OBJECTID":296661,"PRIMENAME":"Pacific Avenue","ELEVTYP_F":0,"ELEVTYP_T":0},"geometry":{"type":"LineString","coordinates":[[-74.8289870547544,38.9783744976712],[-74.828333779028,38.9788513965225]]}},{"type":"Feature","id":296928,"properties":{"OBJECTID":296928,"PRIMENAME":"New York Avenue","ELEVTYP_F":0,"ELEVTYP_T":0},"geometry":{"type":"LineString","coordinates":[[-74.8130495693249,38.9941655502172],[-74.8135197955445,38.9937665527613],[-74.8135979296203,38.9936996194197]]}},{"type":"Feature","id":297113,"properties":{"OBJECTID":297113,"PRIMENAME":"Hudson Avenue","ELEVTYP_F":0,"ELEVTYP_T":0},"geometry":{"type":"LineString","coordinates":[[-74.816432347375,38.9957175711206],[-74.8166068772507,38.9955681903619],[-74.8169805056472,38.9952480000378]]}},{"type":"Feature","id":297699,"properties":{"OBJECTID":297699,"PRIMENAME":"East 21st Avenue","ELEVTYP_F":0,"ELEVTYP_T":0},"geometry":{"type":"LineString","coordinates":[[-74.8054138401248,38.9959963371832],[-74.8056235899271,38.9961518066979],[-74.8068595814688,38.9970579292202]]}},{"type":"Feature","id":297702,"properties":{"OBJECTID":297702,"PRIMENAME":"New Jersey Avenue","ELEVTYP_F":0,"ELEVTYP_T":0},"geometry":{"type":"LineString","coordinates":[[-74.8253606033145,38.9835890268973],[-74.8250898127268,38.9837882511936],[-74.8247773469999,38.9840142528579],[-74.8246808912319,38.9840860508613]]}},{"type":"Feature","id":297849,"properties":{"OBJECTID":297849,"PRIMENAME":"Park Boulevard","ELEVTYP_F":0,"ELEVTYP_T":0},"geometry":{"type":"LineString","coordinates":[[-74.833951778364,38.9804572038441],[-74.8337346667585,38.9806628574251],[-74.8334343282337,38.9809379430018],[-74.8333664935672,38.9809960741622]]}},{"type":"Feature","id":298537,"properties":{"OBJECTID":298537,"PRIMENAME":"West Taylor Avenue","ELEVTYP_F":0,"ELEVTYP_T":0},"geometry":{"type":"LineString","coordinates":[[-74.8256508927515,38.9859413760652],[-74.8262620936892,38.9864510544139]]}},{"type":"Feature","id":298628,"properties":{"OBJECTID":298628,"PRIMENAME":"Arctic Avenue","ELEVTYP_F":0,"ELEVTYP_T":0},"geometry":{"type":"LineString","coordinates":[[-74.8176184140315,38.9918099047624],[-74.8183060079439,38.9913091118814]]}},{"type":"Feature","id":298860,"properties":{"OBJECTID":298860,"PRIMENAME":"Atlantic Avenue","ELEVTYP_F":0,"ELEVTYP_T":0},"geometry":{"type":"LineString","coordinates":[[-74.8240850207945,38.9794004158433],[-74.8236916934327,38.9796878441057],[-74.8234209106434,38.9798868168874]]}},{"type":"Feature","id":299534,"properties":{"OBJECTID":299534,"PRIMENAME":"Mueller Avenue","ELEVTYP_F":0,"ELEVTYP_T":0},"geometry":{"type":"LineString","coordinates":[[-74.8236148569839,38.9977596095658],[-74.8227940832663,38.9971367383633]]}},{"type":"Feature","id":300218,"properties":{"OBJECTID":300218,"PRIMENAME":"Ocean Avenue","ELEVTYP_F":0,"ELEVTYP_T":0},"geometry":{"type":"LineString","coordinates":[[-74.808874130773,38.9885959789808],[-74.8086816416256,38.9887660716034],[-74.8083179618901,38.9890771485312]]}},{"type":"Feature","id":302406,"properties":{"OBJECTID":302406,"PRIMENAME":"West Cresse Avenue","ELEVTYP_F":0,"ELEVTYP_T":0},"geometry":{"type":"LineString","coordinates":[[-74.8302777323666,38.9835047265807],[-74.8300908934604,38.9833472057142],[-74.8296642358006,38.9829940322978]]}},{"type":"Feature","id":303840,"properties":{"OBJECTID":303840,"PRIMENAME":"East Lincoln Avenue","ELEVTYP_F":0,"ELEVTYP_T":0},"geometry":{"type":"LineString","coordinates":[[-74.8133902722311,38.9872232080348],[-74.814044648691,38.9877675420222],[-74.8150308682083,38.9885861918136]]}},{"type":"Feature","id":304109,"properties":{"OBJECTID":304109,"PRIMENAME":"East Buttercup Road","ELEVTYP_F":0,"ELEVTYP_T":0},"geometry":{"type":"LineString","coordinates":[[-74.8251041915582,38.977170344138],[-74.8247615644943,38.9768784806791],[-74.8245075274944,38.9766662199447]]}},{"type":"Feature","id":304658,"properties":{"OBJECTID":304658,"PRIMENAME":"West Juniper Avenue","ELEVTYP_F":0,"ELEVTYP_T":0},"geometry":{"type":"LineString","coordinates":[[-74.8158425346634,38.9978764626042],[-74.8160341426789,38.9980207592899]]}},{"type":"Feature","id":304722,"properties":{"OBJECTID":304722,"PRIMENAME":"West Hildreth Avenue","ELEVTYP_F":0,"ELEVTYP_T":0},"geometry":{"type":"LineString","coordinates":[[-74.830749466016,38.9849474839342],[-74.8313995374266,38.9854877510218],[-74.831857487658,38.985861915451]]}},{"type":"Feature","id":304975,"properties":{"OBJECTID":304975,"PRIMENAME":"West Maple Avenue","ELEVTYP_F":0,"ELEVTYP_T":0},"geometry":{"type":"LineString","coordinates":[[-74.8157459173557,38.9943706480694],[-74.816368288887,38.9948125798238],[-74.8169805056472,38.9952480000378]]}},{"type":"Feature","id":305123,"properties":{"OBJECTID":305123,"PRIMENAME":"Atlantic Avenue","ELEVTYP_F":0,"ELEVTYP_T":0},"geometry":{"type":"LineString","coordinates":[[-74.8220830856078,38.98086545636],[-74.8215419930355,38.9812630645526],[-74.8214153418791,38.9813632248592]]}},{"type":"Feature","id":305590,"properties":{"OBJECTID":305590,"PRIMENAME":"West Oak Avenue","ELEVTYP_F":0,"ELEVTYP_T":0},"geometry":{"type":"LineString","coordinates":[[-74.8175348061334,38.99283940977],[-74.8171380057429,38.9925605230109],[-74.8165047784052,38.9921112933875],[-74.8153864019873,38.9913146508842],[-74.8150879436158,38.991103698321]]}},{"type":"Feature","id":306233,"properties":{"OBJECTID":306233,"PRIMENAME":"East Wisteria Road","ELEVTYP_F":0,"ELEVTYP_T":0},"geometry":{"type":"LineString","coordinates":[[-74.8323099029865,38.9759448404656],[-74.8325568578544,38.9761503496988],[-74.8337666591062,38.9771514080955],[-74.8339471994244,38.9773029568294]]}},{"type":"Feature","id":307140,"properties":{"OBJECTID":307140,"PRIMENAME":"East Spencer Avenue","ELEVTYP_F":0,"ELEVTYP_T":0},"geometry":{"type":"LineString","coordinates":[[-74.8170383832119,38.9871238386133],[-74.8175666847415,38.9875643454511],[-74.818563030536,38.9883966399498],[-74.8186697880159,38.9884855331141]]}},{"type":"Feature","id":307233,"properties":{"OBJECTID":307233,"PRIMENAME":"Delaware Avenue","ELEVTYP_F":0,"ELEVTYP_T":0},"geometry":{"type":"LineString","coordinates":[[-74.8131073474803,38.9965776137599],[-74.8129012066102,38.996654500508],[-74.8127899766388,38.9967099072536],[-74.8126825336432,38.9967943007295],[-74.8124529480503,38.9969892382669],[-74.8123880154912,38.9970426270227]]}},{"type":"Feature","id":307280,"properties":{"OBJECTID":307280,"PRIMENAME":"West Juniper Avenue","ELEVTYP_F":0,"ELEVTYP_T":0},"geometry":{"type":"LineString","coordinates":[[-74.8147863687647,38.9971304456081],[-74.8157448428568,38.9978028913824],[-74.8158425346634,38.9978764626042]]}},{"type":"Feature","id":307378,"properties":{"OBJECTID":307378,"PRIMENAME":"West Hand Avenue","ELEVTYP_F":0,"ELEVTYP_T":0},"geometry":{"type":"LineString","coordinates":[[-74.8269883087596,38.9849556951938],[-74.8268371324057,38.9848330227646],[-74.8260730852123,38.98418667546],[-74.8255474206148,38.9837439753292],[-74.8253606033145,38.9835890268973]]}},{"type":"Feature","id":308316,"properties":{"OBJECTID":308316,"PRIMENAME":"West Pine Avenue","ELEVTYP_F":0,"ELEVTYP_T":0},"geometry":{"type":"LineString","coordinates":[[-74.8221782001165,38.9983716507472],[-74.8219070531069,38.9981727769606],[-74.8217172565804,38.9980347999951]]}},{"type":"Feature","id":308852,"properties":{"OBJECTID":308852,"PRIMENAME":"East Schellenger Avenue","ELEVTYP_F":0,"ELEVTYP_T":0},"geometry":{"type":"LineString","coordinates":[[-74.8143623547378,38.989072882356],[-74.8139716720933,38.9887456142203],[-74.8128243818643,38.9877962188282],[-74.8127244146153,38.9877134522978]]}},{"type":"Feature","id":309264,"properties":{"OBJECTID":309264,"PRIMENAME":"East 16th Avenue","ELEVTYP_F":0,"ELEVTYP_T":0},"geometry":{"type":"LineString","coordinates":[[-74.8020496256883,38.998608971745],[-74.8013027540214,38.9980618735883],[-74.8006089062493,38.9975523882641]]}},{"type":"Feature","id":309609,"properties":{"OBJECTID":309609,"PRIMENAME":"Park Boulevard","ELEVTYP_F":0,"ELEVTYP_T":0},"geometry":{"type":"LineString","coordinates":[[-74.8151966143546,38.994836481537],[-74.8147277625946,38.9952356188981],[-74.8146453563862,38.9953072057485]]}},{"type":"Feature","id":310552,"properties":{"OBJECTID":310552,"PRIMENAME":"West Montgomery Avenue","ELEVTYP_F":0,"ELEVTYP_T":0},"geometry":{"type":"LineString","coordinates":[[-74.823591996068,38.9884050703492],[-74.8239057205205,38.9886665099582],[-74.8247280335842,38.98936070682]]}},{"type":"Feature","id":310581,"properties":{"OBJECTID":310581,"PRIMENAME":"Ocean Avenue","ELEVTYP_F":0,"ELEVTYP_T":0},"geometry":{"type":"LineString","coordinates":[[-74.8191143994302,38.9815500787932],[-74.8186789932179,38.9818675075921],[-74.818446053655,38.9820375350373]]}},{"type":"Feature","id":310611,"properties":{"OBJECTID":310611,"PRIMENAME":"Ocean Avenue","ELEVTYP_F":0,"ELEVTYP_T":0},"geometry":{"type":"LineString","coordinates":[[-74.8217975470028,38.9795861051036],[-74.8215914516159,38.9797379142001],[-74.8211346807823,38.9800714465135]]}},{"type":"Feature","id":310681,"properties":{"OBJECTID":310681,"PRIMENAME":"Pacific Avenue","ELEVTYP_F":0,"ELEVTYP_T":0},"geometry":{"type":"LineString","coordinates":[[-74.828333779028,38.9788513965225],[-74.8282108573638,38.9789411469315],[-74.8276904871648,38.9793210143891]]}},{"type":"Feature","id":311623,"properties":{"OBJECTID":311623,"PRIMENAME":"East 16th Avenue","ELEVTYP_F":0,"ELEVTYP_T":0},"geometry":{"type":"LineString","coordinates":[[-74.8021661102039,38.9986943404131],[-74.8021093502898,38.9986527504077],[-74.8020496256883,38.998608971745]]}},{"type":"Feature","id":311792,"properties":{"OBJECTID":311792,"PRIMENAME":"Atlantic Avenue","ELEVTYP_F":0,"ELEVTYP_T":0},"geometry":{"type":"LineString","coordinates":[[-74.8080274813102,38.9914708049952],[-74.8074473967552,38.9919116142633]]}},{"type":"Feature","id":311909,"properties":{"OBJECTID":311909,"PRIMENAME":"West Roberts Avenue","ELEVTYP_F":0,"ELEVTYP_T":0},"geometry":{"type":"LineString","coordinates":[[-74.8234000059212,38.9903392228678],[-74.8241766602133,38.9909941191227],[-74.8249320803367,38.9916110951365],[-74.82500844572,38.9916759590492]]}},{"type":"Feature","id":312391,"properties":{"OBJECTID":312391,"PRIMENAME":"West 23rd Avenue","ELEVTYP_F":0,"ELEVTYP_T":0},"geometry":{"type":"LineString","coordinates":[[-74.8096257497434,38.9970498521027],[-74.8107195401933,38.9978506503472],[-74.8110841204924,38.9981231917039]]}},{"type":"Feature","id":312713,"properties":{"OBJECTID":312713,"PRIMENAME":"East Maple Avenue","ELEVTYP_F":0,"ELEVTYP_T":0},"geometry":{"type":"LineString","coordinates":[[-74.8115669518842,38.9913942724048],[-74.8123845942198,38.9919743957391],[-74.8131014647592,38.9924876486433]]}},{"type":"Feature","id":312983,"properties":{"OBJECTID":312983,"PRIMENAME":"West Glenwood Avenue","ELEVTYP_F":0,"ELEVTYP_T":0},"geometry":{"type":"LineString","coordinates":[[-74.818571561671,38.9973394817316],[-74.8184418917381,38.9972367841829],[-74.8183224361168,38.9971347216564],[-74.8182684205673,38.9970885709556],[-74.8180218311916,38.9968813250346]]}},{"type":"Feature","id":313249,"properties":{"OBJECTID":313249,"PRIMENAME":"West Leaming Avenue","ELEVTYP_F":0,"ELEVTYP_T":0},"geometry":{"type":"LineString","coordinates":[[-74.8276576930279,38.9844637128003],[-74.8282755077442,38.9849730324409]]}},{"type":"Feature","id":314218,"properties":{"OBJECTID":314218,"PRIMENAME":"Park Boulevard","ELEVTYP_F":0,"ELEVTYP_T":0},"geometry":{"type":"LineString","coordinates":[[-74.834550890199,38.9798981637782],[-74.8343317195233,38.9800989092664],[-74.8340278840241,38.9803850726392],[-74.833951778364,38.9804572038441]]}},{"type":"Feature","id":314220,"properties":{"OBJECTID":314220,"PRIMENAME":"Seaview Avenue","ELEVTYP_F":0,"ELEVTYP_T":0},"geometry":{"type":"LineString","coordinates":[[-74.828048769609,38.9775949858245],[-74.8273939076952,38.9780708677588]]}},{"type":"Feature","id":314274,"properties":{"OBJECTID":314274,"PRIMENAME":"Pacific Avenue","ELEVTYP_F":0,"ELEVTYP_T":0},"geometry":{"type":"LineString","coordinates":[[-74.8099090531726,38.9928081262321],[-74.8103298969554,38.9924513664457],[-74.8104635186216,38.9923358238182]]}},{"type":"Feature","id":314843,"properties":{"OBJECTID":314843,"PRIMENAME":"FR RT 47 SB to SUSQUEHANNA AVE","ELEVTYP_F":0,"ELEVTYP_T":0},"geometry":{"type":"LineString","coordinates":[[-74.8299649151746,38.9884787145586],[-74.8299375644333,38.9883547618185],[-74.829911152004,38.9882961578088],[-74.8298978267115,38.9882451777416],[-74.8298975780498,38.9881916076531],[-74.8299026220861,38.9881346047211],[-74.8299064036696,38.9880918534267]]}},{"type":"Feature","id":316083,"properties":{"OBJECTID":316083,"PRIMENAME":"Lake Avenue","ELEVTYP_F":0,"ELEVTYP_T":0},"geometry":{"type":"LineString","coordinates":[[-74.8174874658661,38.9964661851528],[-74.8170668951495,38.9968262642075],[-74.816934682152,38.996941591569]]}},{"type":"Feature","id":316673,"properties":{"OBJECTID":316673,"PRIMENAME":"Lake Road","ELEVTYP_F":0,"ELEVTYP_T":0},"geometry":{"type":"LineString","coordinates":[[-74.8327050677444,38.9845034960796],[-74.8325378976289,38.9847919015786],[-74.8322989403255,38.9851897960731]]}},{"type":"Feature","id":316826,"properties":{"OBJECTID":316826,"PRIMENAME":"Washington Avenue","ELEVTYP_F":0,"ELEVTYP_T":0},"geometry":{"type":"LineString","coordinates":[[-74.8210855699056,38.9873611341406],[-74.8217497021024,38.9868686227461]]}},{"type":"Feature","id":316926,"properties":{"OBJECTID":316926,"PRIMENAME":"Park Boulevard","ELEVTYP_F":0,"ELEVTYP_T":0},"geometry":{"type":"LineString","coordinates":[[-74.8163074962344,38.9938898405907],[-74.8159772770501,38.9941751766847],[-74.8157459173557,38.9943706480694]]}},{"type":"Feature","id":317162,"properties":{"OBJECTID":317162,"PRIMENAME":"Park Boulevard","ELEVTYP_F":0,"ELEVTYP_T":0},"geometry":{"type":"LineString","coordinates":[[-74.8302777323666,38.9835047265807],[-74.8301011098606,38.9836306294639],[-74.8296678329328,38.983951580324],[-74.8296097353361,38.9839943049073]]}},{"type":"Feature","id":317245,"properties":{"OBJECTID":317245,"PRIMENAME":"Seaview Avenue","ELEVTYP_F":0,"ELEVTYP_T":0},"geometry":{"type":"LineString","coordinates":[[-74.8293575560409,38.9766361290891],[-74.8287022449472,38.9771176491966]]}},{"type":"Feature","id":317483,"properties":{"OBJECTID":317483,"PRIMENAME":"R Avenue","ELEVTYP_F":0,"ELEVTYP_T":0},"geometry":{"type":"LineString","coordinates":[[-74.8231029159404,38.9968792024601],[-74.8227940832663,38.9971367383633]]}},{"type":"Feature","id":317513,"properties":{"OBJECTID":317513,"PRIMENAME":"East Roberts Avenue","ELEVTYP_F":0,"ELEVTYP_T":0},"geometry":{"type":"LineString","coordinates":[[-74.8183709284623,38.9861501052995],[-74.8186434111875,38.986361258429],[-74.8198929190839,38.9874182833883],[-74.8200035241459,38.9875097728015]]}},{"type":"Feature","id":317729,"properties":{"OBJECTID":317729,"PRIMENAME":"East Wisteria Road","ELEVTYP_F":0,"ELEVTYP_T":0},"geometry":{"type":"LineString","coordinates":[[-74.8306745142909,38.9745826864573],[-74.8310964434638,38.974934990027],[-74.8313725251914,38.9751647749874]]}},{"type":"Feature","id":318051,"properties":{"OBJECTID":318051,"PRIMENAME":"East Cardinal Road","ELEVTYP_F":0,"ELEVTYP_T":0},"geometry":{"type":"LineString","coordinates":[[-74.8309762066264,38.9769217858896],[-74.8305834300223,38.9765926832221],[-74.8300398972122,38.9761365718675]]}},{"type":"Feature","id":318131,"properties":{"OBJECTID":318131,"PRIMENAME":"Surf Avenue","ELEVTYP_F":0,"ELEVTYP_T":0},"geometry":{"type":"LineString","coordinates":[[-74.8002662847854,38.9952635169292],[-74.800482387367,38.9950853048779],[-74.8009228196207,38.9947200163672]]}},{"type":"Feature","id":318274,"properties":{"OBJECTID":318274,"PRIMENAME":"East 26th Avenue","ELEVTYP_F":0,"ELEVTYP_T":0},"geometry":{"type":"LineString","coordinates":[[-74.8058288115744,38.9912081949628],[-74.807017878946,38.9920823382848],[-74.8071219066748,38.9921589316402]]}},{"type":"Feature","id":318293,"properties":{"OBJECTID":318293,"PRIMENAME":"East 22nd Avenue","ELEVTYP_F":0,"ELEVTYP_T":0},"geometry":{"type":"LineString","coordinates":[[-74.8059526875389,38.9953735701756],[-74.805821942887,38.995277616029],[-74.8045154814568,38.9943138946228]]}},{"type":"Feature","id":318780,"properties":{"OBJECTID":318780,"PRIMENAME":"East Spencer Avenue","ELEVTYP_F":0,"ELEVTYP_T":0},"geometry":{"type":"LineString","coordinates":[[-74.8153968514123,38.9857569872132],[-74.8164356128168,38.9866213112905],[-74.8170383832119,38.9871238386133]]}},{"type":"Feature","id":318898,"properties":{"OBJECTID":318898,"PRIMENAME":"East Buttercup Road","ELEVTYP_F":0,"ELEVTYP_T":0},"geometry":{"type":"LineString","coordinates":[[-74.82932252835,38.980685936392],[-74.8289195352547,38.9803487854336],[-74.8276904871648,38.9793210143891]]}},{"type":"Feature","id":318984,"properties":{"OBJECTID":318984,"PRIMENAME":"Susquehanna Avenue","ELEVTYP_F":0,"ELEVTYP_T":0},"geometry":{"type":"LineString","coordinates":[[-74.8198884579406,38.9954861453988],[-74.8194350487,38.9958792739253]]}},{"type":"Feature","id":319003,"properties":{"OBJECTID":319003,"PRIMENAME":"West Baker Avenue","ELEVTYP_F":0,"ELEVTYP_T":0},"geometry":{"type":"LineString","coordinates":[[-74.8256741834702,38.9911929487257],[-74.8253693846261,38.99094071577],[-74.8246978669451,38.9903817481183],[-74.8242290786065,38.9899824617852],[-74.8240674924455,38.9898466621919]]}},{"type":"Feature","id":319420,"properties":{"OBJECTID":319420,"PRIMENAME":"East Oak Avenue","ELEVTYP_F":0,"ELEVTYP_T":0},"geometry":{"type":"LineString","coordinates":[[-74.8115881411267,38.9886192970874],[-74.8111927860387,38.9883384094848],[-74.8106089664585,38.9879145515624],[-74.8103231519749,38.9877160470819]]}},{"type":"Feature","id":319915,"properties":{"OBJECTID":319915,"PRIMENAME":"New Jersey Avenue","ELEVTYP_F":0,"ELEVTYP_T":0},"geometry":{"type":"LineString","coordinates":[[-74.8159992879526,38.9904370699252],[-74.8155274060052,38.9907800662982],[-74.8154781069766,38.9908163728966],[-74.8150879436158,38.991103698321]]}},{"type":"Feature","id":320017,"properties":{"OBJECTID":320017,"PRIMENAME":"East Burk Avenue","ELEVTYP_F":0,"ELEVTYP_T":0},"geometry":{"type":"LineString","coordinates":[[-74.8194009789025,38.9828272650124],[-74.8197264490524,38.9830964278531],[-74.8209277650781,38.984094126336],[-74.8210464193306,38.9841927599624]]}},{"type":"Feature","id":320681,"properties":{"OBJECTID":320681,"PRIMENAME":"Lincoln Avenue","ELEVTYP_F":0,"ELEVTYP_T":0},"geometry":{"type":"LineString","coordinates":[[-74.816668427217,38.9899482540889],[-74.8167507747532,38.9900150422593],[-74.8172376907672,38.9904099582391]]}},{"type":"Feature","id":320828,"properties":{"OBJECTID":320828,"PRIMENAME":"East 18th Avenue","ELEVTYP_F":0,"ELEVTYP_T":0},"geometry":{"type":"LineString","coordinates":[[-74.803353278774,38.997528013969],[-74.8031470613479,38.9973757986618],[-74.8019127969985,38.9964688638968]]}},{"type":"Feature","id":321241,"properties":{"OBJECTID":321241,"PRIMENAME":"Atlantic Avenue","ELEVTYP_F":0,"ELEVTYP_T":0},"geometry":{"type":"LineString","coordinates":[[-74.8092023889996,38.9905766175701],[-74.8086971593797,38.9909614676163],[-74.8086160447502,38.9910231886887]]}},{"type":"Feature","id":323054,"properties":{"OBJECTID":323054,"PRIMENAME":"New Jersey Avenue","ELEVTYP_F":0,"ELEVTYP_T":0},"geometry":{"type":"LineString","coordinates":[[-74.8200035241459,38.9875097728015],[-74.8194984572925,38.987881900405],[-74.8193442596314,38.9879937216137]]}},{"type":"Feature","id":323100,"properties":{"OBJECTID":323100,"PRIMENAME":"Ocean Avenue","ELEVTYP_F":0,"ELEVTYP_T":0},"geometry":{"type":"LineString","coordinates":[[-74.8264019307601,38.9762193220823],[-74.8267551096378,38.9759588788308],[-74.8270569086613,38.9757402877184]]}},{"type":"Feature","id":323134,"properties":{"OBJECTID":323134,"PRIMENAME":"West Pine Avenue","ELEVTYP_F":0,"ELEVTYP_T":0},"geometry":{"type":"LineString","coordinates":[[-74.8152418006354,38.9931249339237],[-74.8151419782022,38.9930532074471],[-74.8140326945477,38.9922600976612],[-74.8137658257017,38.9920714350876]]}},{"type":"Feature","id":323897,"properties":{"OBJECTID":323897,"PRIMENAME":"New Jersey Avenue","ELEVTYP_F":0,"ELEVTYP_T":0},"geometry":{"type":"LineString","coordinates":[[-74.8186697880159,38.9884855331141],[-74.8181067763364,38.9889003453953],[-74.8180056001558,38.9889737434371]]}},{"type":"Feature","id":324427,"properties":{"OBJECTID":324427,"PRIMENAME":"Atlantic Avenue","ELEVTYP_F":0,"ELEVTYP_T":0},"geometry":{"type":"LineString","coordinates":[[-74.8173920624389,38.9842924642921],[-74.8171172374922,38.9844920648412],[-74.816808922816,38.9847245417493],[-74.816728373315,38.9847832472731]]}},{"type":"Feature","id":324866,"properties":{"OBJECTID":324866,"PRIMENAME":"East Poplar Avenue","ELEVTYP_F":0,"ELEVTYP_T":0},"geometry":{"type":"LineString","coordinates":[[-74.8099090531726,38.9928081262321],[-74.8094352814479,38.9924769999774],[-74.8087794723156,38.9920097484331],[-74.8080274813102,38.9914708049952]]}},{"type":"Feature","id":325405,"properties":{"OBJECTID":325405,"PRIMENAME":"North Avenue","ELEVTYP_F":0,"ELEVTYP_T":0},"geometry":{"type":"LineString","coordinates":[[-74.8251754704722,38.9988573383424],[-74.8252019179497,38.9988201752132],[-74.824926461744,38.9984958960711]]}},{"type":"Feature","id":325833,"properties":{"OBJECTID":325833,"PRIMENAME":"West Andrews Avenue","ELEVTYP_F":0,"ELEVTYP_T":0},"geometry":{"type":"LineString","coordinates":[[-74.8283497177376,38.9892325006964],[-74.827959638846,38.9889053597806],[-74.8269865238728,38.9881006218899],[-74.8267372408297,38.9878919223898]]}},{"type":"Feature","id":325946,"properties":{"OBJECTID":325946,"PRIMENAME":"West Schellenger Avenue","ELEVTYP_F":0,"ELEVTYP_T":0},"geometry":{"type":"LineString","coordinates":[[-74.8194087155682,38.9932306840913],[-74.8192146842669,38.9930937036524],[-74.8183369650483,38.9924230140708],[-74.8182238809499,38.9923292777644]]}},{"type":"Feature","id":326666,"properties":{"OBJECTID":326666,"PRIMENAME":"Park Boulevard","ELEVTYP_F":0,"ELEVTYP_T":0},"geometry":{"type":"LineString","coordinates":[[-74.8282755077442,38.9849730324409],[-74.8278639386841,38.9852747216574],[-74.8276079777575,38.9854627339429]]}},{"type":"Feature","id":326782,"properties":{"OBJECTID":326782,"PRIMENAME":"New Jersey Avenue","ELEVTYP_F":0,"ELEVTYP_T":0},"geometry":{"type":"LineString","coordinates":[[-74.8332861138054,38.9777856992452],[-74.8326052889113,38.9782844196572]]}},{"type":"Feature","id":326832,"properties":{"OBJECTID":326832,"PRIMENAME":"New Jersey Avenue","ELEVTYP_F":0,"ELEVTYP_T":0},"geometry":{"type":"LineString","coordinates":[[-74.8104666672012,38.9940631118897],[-74.810320749744,38.9941838230174],[-74.810110883561,38.9943576702192]]}},{"type":"Feature","id":327252,"properties":{"OBJECTID":327252,"PRIMENAME":"West Magnolia Avenue","ELEVTYP_F":0,"ELEVTYP_T":0},"geometry":{"type":"LineString","coordinates":[[-74.8116887787184,38.9932030421547],[-74.8120995109004,38.9934934700596],[-74.8130495693249,38.9941655502172]]}},{"type":"Feature","id":328476,"properties":{"OBJECTID":328476,"PRIMENAME":"Lake Road","ELEVTYP_F":0,"ELEVTYP_T":0},"geometry":{"type":"LineString","coordinates":[[-74.8313843699305,38.9866249788085],[-74.8314303714801,38.9865443162807],[-74.8314320327473,38.9865414026708]]}},{"type":"Feature","id":328544,"properties":{"OBJECTID":328544,"PRIMENAME":"East 25th Avenue","ELEVTYP_F":0,"ELEVTYP_T":0},"geometry":{"type":"LineString","coordinates":[[-74.8079144317533,38.9937522917823],[-74.8079714744453,38.9937942620209],[-74.808024246042,38.9938330589532]]}},{"type":"Feature","id":328594,"properties":{"OBJECTID":328594,"PRIMENAME":"West 22nd Avenue","ELEVTYP_F":0,"ELEVTYP_T":0},"geometry":{"type":"LineString","coordinates":[[-74.8089719076534,38.9975870512482],[-74.8075112372993,38.9965168756991]]}},{"type":"Feature","id":329571,"properties":{"OBJECTID":329571,"PRIMENAME":"East Aster Road","ELEVTYP_F":0,"ELEVTYP_T":0},"geometry":{"type":"LineString","coordinates":[[-74.8277138597682,38.9752638530194],[-74.8285696208668,38.975974982236],[-74.8286606959761,38.9760514165003]]}},{"type":"Feature","id":329647,"properties":{"OBJECTID":329647,"PRIMENAME":"West Hand Avenue","ELEVTYP_F":0,"ELEVTYP_T":0},"geometry":{"type":"LineString","coordinates":[[-74.8303631575292,38.9877602097113],[-74.8293043053255,38.9868750874351],[-74.8287554097135,38.9864158286111]]}},{"type":"Feature","id":329872,"properties":{"OBJECTID":329872,"PRIMENAME":"Magnolia Avenue","ELEVTYP_F":0,"ELEVTYP_T":0},"geometry":{"type":"LineString","coordinates":[[-74.816934682152,38.996941591569],[-74.8171915698379,38.997127144235]]}},{"type":"Feature","id":331033,"properties":{"OBJECTID":331033,"PRIMENAME":"New Jersey Avenue","ELEVTYP_F":0,"ELEVTYP_T":0},"geometry":{"type":"LineString","coordinates":[[-74.80490466412,38.9986732670234],[-74.8042546906247,38.9992136420227]]}},{"type":"Feature","id":331058,"properties":{"OBJECTID":331058,"PRIMENAME":"Central Avenue","ELEVTYP_F":0,"ELEVTYP_T":0},"geometry":{"type":"LineString","coordinates":[[-74.8067169966251,38.9949131185441],[-74.8060644063322,38.9954555422323]]}},{"type":"Feature","id":331378,"properties":{"OBJECTID":331378,"PRIMENAME":"Pacific Avenue","ELEVTYP_F":0,"ELEVTYP_T":0},"geometry":{"type":"LineString","coordinates":[[-74.8190391000346,38.9856622115273],[-74.818632849665,38.9859593502469],[-74.8183709284623,38.9861501052995]]}},{"type":"Feature","id":331544,"properties":{"OBJECTID":331544,"PRIMENAME":"Unnamed Segment","ELEVTYP_F":0,"ELEVTYP_T":0},"geometry":{"type":"LineString","coordinates":[[-74.8320739306566,38.9869966330301],[-74.8321510977454,38.98706377733],[-74.8321846098433,38.9872548831803],[-74.8320983905428,38.987637077045],[-74.8319945554919,38.9878054746955],[-74.8318988320222,38.9879530365111]]}},{"type":"Feature","id":331597,"properties":{"OBJECTID":331597,"PRIMENAME":"Ocean Avenue","ELEVTYP_F":0,"ELEVTYP_T":0},"geometry":{"type":"LineString","coordinates":[[-74.818446053655,38.9820375350373],[-74.8181521679117,38.9822520174423],[-74.8177467280618,38.9825493230828],[-74.8175915081336,38.9826631429675],[-74.8171587357478,38.9829825624088],[-74.8171247214151,38.9830075052224]]}},{"type":"Feature","id":332498,"properties":{"OBJECTID":332498,"PRIMENAME":"Arctic Avenue","ELEVTYP_F":0,"ELEVTYP_T":0},"geometry":{"type":"LineString","coordinates":[[-74.8183060079439,38.9913091118814],[-74.8189717091807,38.9908242461914]]}},{"type":"Feature","id":332500,"properties":{"OBJECTID":332500,"PRIMENAME":"West Crocus Road","ELEVTYP_F":0,"ELEVTYP_T":0},"geometry":{"type":"LineString","coordinates":[[-74.8337637652207,38.9813232588799],[-74.8334689101746,38.9810804637648]]}},{"type":"Feature","id":333284,"properties":{"OBJECTID":333284,"PRIMENAME":"Hudson Avenue","ELEVTYP_F":0,"ELEVTYP_T":0},"geometry":{"type":"LineString","coordinates":[[-74.8175441524226,38.994765534285],[-74.8181531186257,38.994245570794]]}},{"type":"Feature","id":333928,"properties":{"OBJECTID":333928,"PRIMENAME":"West Cresse Avenue","ELEVTYP_F":0,"ELEVTYP_T":0},"geometry":{"type":"LineString","coordinates":[[-74.8315456866107,38.9845633513848],[-74.8314191911681,38.984458719445]]}},{"type":"Feature","id":334336,"properties":{"OBJECTID":334336,"PRIMENAME":"East 26th Avenue","ELEVTYP_F":0,"ELEVTYP_T":0},"geometry":{"type":"LineString","coordinates":[[-74.8054789902194,38.9909510173377],[-74.8058288115744,38.9912081949628]]}},{"type":"Feature","id":335219,"properties":{"OBJECTID":335219,"PRIMENAME":"East 21st Avenue","ELEVTYP_F":0,"ELEVTYP_T":0},"geometry":{"type":"LineString","coordinates":[[-74.8038658189423,38.9948528112009],[-74.8042287411077,38.9951177445772],[-74.8053016577298,38.9959131576665]]}},{"type":"Feature","id":336588,"properties":{"OBJECTID":336588,"PRIMENAME":"East 22nd Avenue","ELEVTYP_F":0,"ELEVTYP_T":0},"geometry":{"type":"LineString","coordinates":[[-74.8045154814568,38.9943138946228],[-74.8043135783216,38.9941649924098],[-74.8028701914319,38.9931051475652]]}},{"type":"Feature","id":337312,"properties":{"OBJECTID":337312,"PRIMENAME":"Pacific Avenue","ELEVTYP_F":0,"ELEVTYP_T":0},"geometry":{"type":"LineString","coordinates":[[-74.8133581991078,38.98987547432],[-74.8130871803926,38.9901080329489],[-74.8127447185522,38.9904005322706]]}},{"type":"Feature","id":337619,"properties":{"OBJECTID":337619,"PRIMENAME":"West Maple Avenue","ELEVTYP_F":0,"ELEVTYP_T":0},"geometry":{"type":"LineString","coordinates":[[-74.8189717746721,38.9968353508885],[-74.8189951749434,38.9968352869146],[-74.8190150856897,38.9968419871485],[-74.8190350085225,38.9968513782239],[-74.8190764773352,38.9968827526943],[-74.8191172048204,38.9969135661379],[-74.8192117524657,38.9969839306683]]}},{"type":"Feature","id":338595,"properties":{"OBJECTID":338595,"PRIMENAME":"West Andrews Avenue","ELEVTYP_F":0,"ELEVTYP_T":0},"geometry":{"type":"LineString","coordinates":[[-74.8299587315347,38.9905798198899],[-74.8296066191231,38.9902865713086],[-74.8283497177376,38.9892325006964]]}},{"type":"Feature","id":339153,"properties":{"OBJECTID":339153,"PRIMENAME":"East 26th Avenue","ELEVTYP_F":0,"ELEVTYP_T":0},"geometry":{"type":"LineString","coordinates":[[-74.8043888973466,38.990149597002],[-74.8054789902194,38.9909510173377]]}},{"type":"Feature","id":339317,"properties":{"OBJECTID":339317,"PRIMENAME":"East 26th Avenue","ELEVTYP_F":0,"ELEVTYP_T":0},"geometry":{"type":"LineString","coordinates":[[-74.8086109614589,38.9932552674768],[-74.8071219066748,38.9921589316402]]}},{"type":"Feature","id":339897,"properties":{"OBJECTID":339897,"PRIMENAME":"Niagara Avenue","ELEVTYP_F":0,"ELEVTYP_T":0},"geometry":{"type":"LineString","coordinates":[[-74.8295748071515,38.9933807260774],[-74.8290948347856,38.9937448062646],[-74.8290287360704,38.993778601187],[-74.8289969492658,38.993796923393],[-74.8289791855265,38.9938071604423],[-74.8289329182862,38.9938228055528],[-74.8288898280405,38.9938255079944],[-74.8288501154516,38.993820457079],[-74.8288003137459,38.9937947597669],[-74.8286041514554,38.993635064999],[-74.8276666134384,38.9928545890873],[-74.8272773851557,38.992524807803]]}},{"type":"Feature","id":340510,"properties":{"OBJECTID":340510,"PRIMENAME":"East Buttercup Road","ELEVTYP_F":0,"ELEVTYP_T":0},"geometry":{"type":"LineString","coordinates":[[-74.8276904871648,38.9793210143891],[-74.8274397870872,38.9791113587886],[-74.8267482312917,38.9785420519863]]}},{"type":"Feature","id":341144,"properties":{"OBJECTID":341144,"PRIMENAME":"Hudson Avenue","ELEVTYP_F":0,"ELEVTYP_T":0},"geometry":{"type":"LineString","coordinates":[[-74.8169805056472,38.9952480000378],[-74.8173784569364,38.9949069837505],[-74.8175441524226,38.994765534285]]}},{"type":"Feature","id":341356,"properties":{"OBJECTID":341356,"PRIMENAME":"East 15th Avenue","ELEVTYP_F":0,"ELEVTYP_T":0},"geometry":{"type":"LineString","coordinates":[[-74.7999550780549,38.9980937376239],[-74.801020350019,38.9988710308177],[-74.8013988560771,38.9991492779783]]}},{"type":"Feature","id":341595,"properties":{"OBJECTID":341595,"PRIMENAME":"East 23rd Avenue","ELEVTYP_F":0,"ELEVTYP_T":0},"geometry":{"type":"LineString","coordinates":[[-74.8051662136166,38.9937728563653],[-74.8060126890927,38.9943950704201],[-74.8066063356639,38.9948317479035]]}},{"type":"Feature","id":341747,"properties":{"OBJECTID":341747,"PRIMENAME":"Pacific Avenue","ELEVTYP_F":0,"ELEVTYP_T":0},"geometry":{"type":"LineString","coordinates":[[-74.8309762066264,38.9769217858896],[-74.8305560000138,38.9772298794508],[-74.8302942144127,38.9774208808841]]}},{"type":"Feature","id":342764,"properties":{"OBJECTID":342764,"PRIMENAME":"East 18th Avenue","ELEVTYP_F":0,"ELEVTYP_T":0},"geometry":{"type":"LineString","coordinates":[[-74.8034686006388,38.9976131366382],[-74.8034124046754,38.9975716565983],[-74.803353278774,38.997528013969]]}},{"type":"Feature","id":343302,"properties":{"OBJECTID":343302,"PRIMENAME":"East Magnolia Avenue","ELEVTYP_F":0,"ELEVTYP_T":0},"geometry":{"type":"LineString","coordinates":[[-74.8061526295871,38.9892755529957],[-74.8067920864891,38.9897302045326],[-74.807211135723,38.9900251314277]]}},{"type":"Feature","id":344142,"properties":{"OBJECTID":344142,"PRIMENAME":"Ocean Avenue","ELEVTYP_F":0,"ELEVTYP_T":0},"geometry":{"type":"LineString","coordinates":[[-74.8131156834645,38.9859403750329],[-74.8127594485214,38.9862004272503],[-74.8124393304008,38.9864336656242]]}},{"type":"Feature","id":344558,"properties":{"OBJECTID":344558,"PRIMENAME":"New Jersey Avenue","ELEVTYP_F":0,"ELEVTYP_T":0},"geometry":{"type":"LineString","coordinates":[[-74.82932252835,38.980685936392],[-74.828764428862,38.9810939499377],[-74.8286849531098,38.9811539507451]]}},{"type":"Feature","id":345520,"properties":{"OBJECTID":345520,"PRIMENAME":"Lake Road","ELEVTYP_F":0,"ELEVTYP_T":0},"geometry":{"type":"LineString","coordinates":[[-74.8303631575292,38.9877602097113],[-74.8305854680659,38.9875989478747],[-74.8309333902509,38.9873418576299],[-74.8309751022814,38.9873008535943],[-74.8310090511858,38.9872473504525]]}},{"type":"Feature","id":345927,"properties":{"OBJECTID":345927,"PRIMENAME":"East Magnolia Avenue","ELEVTYP_F":0,"ELEVTYP_T":0},"geometry":{"type":"LineString","coordinates":[[-74.8086160447502,38.9910231886887],[-74.8091707783138,38.9914224479319],[-74.8098224972647,38.9918802356034],[-74.8104635186216,38.9923358238182]]}},{"type":"Feature","id":347453,"properties":{"OBJECTID":347453,"PRIMENAME":"Unnamed Segment","ELEVTYP_F":0,"ELEVTYP_T":0},"geometry":{"type":"LineString","coordinates":[[-74.8103231519749,38.9877160470819],[-74.8097114024613,38.9882435007989]]}},{"type":"Feature","id":349996,"properties":{"OBJECTID":349996,"PRIMENAME":"Wildwood Boulevard","ELEVTYP_F":0,"ELEVTYP_T":0},"geometry":{"type":"LineString","coordinates":[[-74.833789019111,38.9911825552509],[-74.8333424732477,38.9909600293446],[-74.8327800290598,38.9906629696368],[-74.8325444777806,38.9905142950925],[-74.8323656102661,38.9903960195247],[-74.8321779572346,38.9902573947538],[-74.8319509555144,38.9900781337508],[-74.8317806382522,38.9899292720419],[-74.8310411757291,38.9893252007582],[-74.830929434109,38.9892803493032]]}},{"type":"Feature","id":350357,"properties":{"OBJECTID":350357,"PRIMENAME":"Central Avenue","ELEVTYP_F":0,"ELEVTYP_T":0},"geometry":{"type":"LineString","coordinates":[[-74.8040017784817,38.9969905304497],[-74.803353278774,38.997528013969]]}},{"type":"Feature","id":351473,"properties":{"OBJECTID":351473,"PRIMENAME":"Pacific Avenue","ELEVTYP_F":0,"ELEVTYP_T":0},"geometry":{"type":"LineString","coordinates":[[-74.8230857029732,38.9827010643753],[-74.823028450955,38.9827433203094]]}},{"type":"Feature","id":353226,"properties":{"OBJECTID":353226,"PRIMENAME":"Central Avenue","ELEVTYP_F":0,"ELEVTYP_T":0},"geometry":{"type":"LineString","coordinates":[[-74.8027000007866,38.9980694322063],[-74.8024055994466,38.998313421469],[-74.8020496256883,38.998608971745]]}},{"type":"Feature","id":354861,"properties":{"OBJECTID":354861,"PRIMENAME":"Central Avenue","ELEVTYP_F":0,"ELEVTYP_T":0},"geometry":{"type":"LineString","coordinates":[[-74.8059526875389,38.9953735701756],[-74.8053016577298,38.9959131576665]]}},{"type":"Feature","id":356240,"properties":{"OBJECTID":356240,"PRIMENAME":"Central Avenue","ELEVTYP_F":0,"ELEVTYP_T":0},"geometry":{"type":"LineString","coordinates":[[-74.803353278774,38.997528013969],[-74.8027000007866,38.9980694322063]]}},{"type":"Feature","id":356964,"properties":{"OBJECTID":356964,"PRIMENAME":"East Rio Grande Avenue","ELEVTYP_F":0,"ELEVTYP_T":0},"geometry":{"type":"LineString","coordinates":[[-74.8246808912319,38.9840860508613],[-74.8246544760239,38.9840025403048],[-74.8241371642808,38.9835820952505],[-74.8236407802632,38.9831647338407],[-74.8234445453477,38.9830076995118],[-74.8230857029732,38.9827010643753]]}},{"type":"Feature","id":367967,"properties":{"OBJECTID":367967,"PRIMENAME":"Central Avenue","ELEVTYP_F":0,"ELEVTYP_T":0},"geometry":{"type":"LineString","coordinates":[[-74.8072595979962,38.9942921751082],[-74.8068310421065,38.9946455108343],[-74.8066063356639,38.9948317479035]]}},{"type":"Feature","id":375336,"properties":{"OBJECTID":375336,"PRIMENAME":"Central Avenue","ELEVTYP_F":0,"ELEVTYP_T":0},"geometry":{"type":"LineString","coordinates":[[-74.8079144317533,38.9937522917823],[-74.8072595979962,38.9942921751082]]}},{"type":"Feature","id":384005,"properties":{"OBJECTID":384005,"PRIMENAME":"Central Avenue","ELEVTYP_F":0,"ELEVTYP_T":0},"geometry":{"type":"LineString","coordinates":[[-74.8066063356639,38.9948317479035],[-74.8059526875389,38.9953735701756]]}},{"type":"Feature","id":394444,"properties":{"OBJECTID":394444,"PRIMENAME":"Central Avenue","ELEVTYP_F":0,"ELEVTYP_T":0},"geometry":{"type":"LineString","coordinates":[[-74.8046539494741,38.9964499869841],[-74.8040017784817,38.9969905304497]]}},{"type":"Feature","id":395144,"properties":{"OBJECTID":395144,"PRIMENAME":"East Rio Grande Avenue","ELEVTYP_F":0,"ELEVTYP_T":0},"geometry":{"type":"LineString","coordinates":[[-74.823028450955,38.9827433203094],[-74.8245931907316,38.9840563645146],[-74.8246808912319,38.9840860508613]]}},{"type":"Feature","id":398165,"properties":{"OBJECTID":398165,"PRIMENAME":"Central Avenue","ELEVTYP_F":0,"ELEVTYP_T":0},"geometry":{"type":"LineString","coordinates":[[-74.8053016577298,38.9959131576665],[-74.8046539494741,38.9964499869841]]}},{"type":"Feature","id":398373,"properties":{"OBJECTID":398373,"PRIMENAME":"East Rio Grande Avenue","ELEVTYP_F":0,"ELEVTYP_T":0},"geometry":{"type":"LineString","coordinates":[[-74.8214153418791,38.9813632248592],[-74.8214508752913,38.981433777351],[-74.823028450955,38.9827433203094]]}},{"type":"Feature","id":398532,"properties":{"OBJECTID":398532,"PRIMENAME":"Central Avenue","ELEVTYP_F":0,"ELEVTYP_T":0},"geometry":{"type":"LineString","coordinates":[[-74.8086109614589,38.9932552674768],[-74.8083021662897,38.9934325855535],[-74.8079144317533,38.9937522917823]]}},{"type":"Feature","id":399208,"properties":{"OBJECTID":399208,"PRIMENAME":"Pacific Avenue","ELEVTYP_F":0,"ELEVTYP_T":0},"geometry":{"type":"LineString","coordinates":[[-74.8237266729814,38.982232100114],[-74.8230857029732,38.9827010643753]]}},{"type":"Feature","id":399819,"properties":{"OBJECTID":399819,"PRIMENAME":"Wildwood Boulevard","ELEVTYP_F":0,"ELEVTYP_T":0},"geometry":{"type":"LineString","coordinates":[[-74.830929434109,38.9892803493032],[-74.8309702506941,38.9893640913641],[-74.8311541479867,38.9895283466341],[-74.8316526178334,38.9899474568792],[-74.8318546806405,38.9901132250915],[-74.8320504751329,38.9902703336654],[-74.8322287258293,38.990399814619],[-74.8324477579631,38.9905522988795],[-74.832685317963,38.9907017642546],[-74.8328931338401,38.9908253655244],[-74.8331379911109,38.9909546270986],[-74.8334866556571,38.9911240655162],[-74.8337347742942,38.9912468014607]]}},{"type":"Feature","id":399900,"properties":{"OBJECTID":399900,"PRIMENAME":"Central Avenue","ELEVTYP_F":0,"ELEVTYP_T":0},"geometry":{"type":"LineString","coordinates":[[-74.8020496256883,38.998608971745],[-74.8013988560771,38.9991492779783]]}},{"type":"Feature","id":401312,"properties":{"OBJECTID":401312,"PRIMENAME":"East Rio Grande Avenue","ELEVTYP_F":0,"ELEVTYP_T":0},"geometry":{"type":"LineString","coordinates":[[-74.8230857029732,38.9827010643753],[-74.8224979723393,38.9822114357532],[-74.8221114965538,38.9818913915838],[-74.8215105609941,38.9813993448976],[-74.8214153418791,38.9813632248592]]}},{"type":"Feature","id":402033,"properties":{"OBJECTID":402033,"PRIMENAME":"West Rio Grande Avenue","ELEVTYP_F":0,"ELEVTYP_T":0},"geometry":{"type":"LineString","coordinates":[[-74.8303968060017,38.9888377462089],[-74.830929434109,38.9892803493032]]}},{"type":"Feature","id":402322,"properties":{"OBJECTID":402322,"PRIMENAME":"North Wildwood Boulevard","ELEVTYP_F":0,"ELEVTYP_T":0},"geometry":{"type":"LineString","coordinates":[[-74.8337347742942,38.9912468014607],[-74.8339800000162,38.9913681046733],[-74.8344473450016,38.9915891514437],[-74.8344845069302,38.9916055199134],[-74.8346734936679,38.9916895772028],[-74.8348774735937,38.9917670013375],[-74.8351109786636,38.9918529075333],[-74.835261742158,38.9919031525199],[-74.8354891087216,38.991978925564],[-74.8358745313096,38.9920991279194],[-74.8362451560643,38.9922222273789],[-74.8367307466599,38.9923854670244],[-74.8371129514688,38.992516328171]]}},{"type":"Feature","id":402342,"properties":{"OBJECTID":402342,"PRIMENAME":"South Wildwood Boulevard","ELEVTYP_F":0,"ELEVTYP_T":0},"geometry":{"type":"LineString","coordinates":[[-74.8366853219801,38.9922368015891],[-74.8362749304886,38.992112417301],[-74.8358568176418,38.9919914320283],[-74.8353385150275,38.9918367941041],[-74.835298407362,38.9918229802129],[-74.8349377408511,38.9916987591021],[-74.8346240074796,38.9915741194135],[-74.8343407448912,38.9914493366172],[-74.8341009999235,38.9913380207618],[-74.833789019111,38.9911825552509]]}},{"type":"Feature","id":405924,"properties":{"OBJECTID":405924,"PRIMENAME":"East Cedar Avenue","ELEVTYP_F":0,"ELEVTYP_T":0},"geometry":{"type":"LineString","coordinates":[[-74.8144461903824,38.9897224760237],[-74.8139644336862,38.9893688570843]]}},{"type":"Feature","id":431935,"properties":{"OBJECTID":431935,"PRIMENAME":"East 25th Avenue","ELEVTYP_F":0,"ELEVTYP_T":0},"geometry":{"type":"LineString","coordinates":[[-74.8032699299149,38.9903299214941],[-74.8032874308991,38.9903429214232],[-74.803506505839,38.9905056550744]]}},{"type":"Feature","id":431947,"properties":{"OBJECTID":431947,"PRIMENAME":"Boardwalk","ELEVTYP_F":0,"ELEVTYP_T":0},"geometry":{"type":"LineString","coordinates":[[-74.8007038501288,38.991511180847],[-74.8013158902855,38.991175265087],[-74.8015039537218,38.9910759499705]]}},{"type":"Feature","id":431948,"properties":{"OBJECTID":431948,"PRIMENAME":"Boardwalk","ELEVTYP_F":0,"ELEVTYP_T":0},"geometry":{"type":"LineString","coordinates":[[-74.8023403492211,38.9906640375256],[-74.8024385546495,38.9906232773181],[-74.8025374870462,38.9905836023422],[-74.8026371267219,38.9905450204934],[-74.802737453847,38.9905075394495],[-74.802838448455,38.9904711666695],[-74.8029400904467,38.9904359093915],[-74.8030423595943,38.9904017746318],[-74.803145235545,38.9903687691834],[-74.8032699299149,38.9903299214941]]}},{"type":"Feature","id":431949,"properties":{"OBJECTID":431949,"PRIMENAME":"Boardwalk","ELEVTYP_F":0,"ELEVTYP_T":0},"geometry":{"type":"LineString","coordinates":[[-74.8165262248366,38.9825049564391],[-74.8169405729702,38.9822016698083],[-74.8185558766191,38.9810140944448],[-74.8200816966425,38.9798987446339],[-74.8211889772412,38.9790893579514]]}},{"type":"Feature","id":431962,"properties":{"OBJECTID":431962,"PRIMENAME":"East 22nd Avenue","ELEVTYP_F":0,"ELEVTYP_T":0},"geometry":{"type":"LineString","coordinates":[[-74.8009686431371,38.9917070811293],[-74.8007038501288,38.991511180847]]}},{"type":"Feature","id":431963,"properties":{"OBJECTID":431963,"PRIMENAME":"East 23rd Avenue","ELEVTYP_F":0,"ELEVTYP_T":0},"geometry":{"type":"LineString","coordinates":[[-74.8015039537218,38.9910759499705],[-74.8016167827746,38.991159315329]]}},{"type":"Feature","id":431964,"properties":{"OBJECTID":431964,"PRIMENAME":"East 24th Avenue","ELEVTYP_F":0,"ELEVTYP_T":0},"geometry":{"type":"LineString","coordinates":[[-74.8024373891172,38.9907361984182],[-74.8023403492211,38.9906640375256]]}},{"type":"Feature","id":431965,"properties":{"OBJECTID":431965,"PRIMENAME":"Boardwalk","ELEVTYP_F":0,"ELEVTYP_T":0},"geometry":{"type":"LineString","coordinates":[[-74.8032699299149,38.9903299214941],[-74.8040968939176,38.9900720291217],[-74.8042903455371,38.9900775020275]]}},{"type":"Feature","id":431966,"properties":{"OBJECTID":431966,"PRIMENAME":"East Juniper Avenue","ELEVTYP_F":0,"ELEVTYP_T":0},"geometry":{"type":"LineString","coordinates":[[-74.8046344803706,38.9899213887393],[-74.8048689338619,38.9900838301513]]}},{"type":"Feature","id":431967,"properties":{"OBJECTID":431967,"PRIMENAME":"East Poplar Avenue","ELEVTYP_F":0,"ELEVTYP_T":0},"geometry":{"type":"LineString","coordinates":[[-74.8054762299739,38.9896702828422],[-74.8053426868762,38.9895797009242]]}},{"type":"Feature","id":431968,"properties":{"OBJECTID":431968,"PRIMENAME":"East Magnolia Avenue","ELEVTYP_F":0,"ELEVTYP_T":0},"geometry":{"type":"LineString","coordinates":[[-74.806080041809,38.989223942818],[-74.8061526295871,38.9892755529957]]}},{"type":"Feature","id":431969,"properties":{"OBJECTID":431969,"PRIMENAME":"East Glenwood Avenue","ELEVTYP_F":0,"ELEVTYP_T":0},"geometry":{"type":"LineString","coordinates":[[-74.8069822431071,38.989002167165],[-74.8068043864696,38.9888739050114]]}},{"type":"Feature","id":431970,"properties":{"OBJECTID":431970,"PRIMENAME":"East Maple Avenue","ELEVTYP_F":0,"ELEVTYP_T":0},"geometry":{"type":"LineString","coordinates":[[-74.807503893369,38.9885304666312],[-74.807643007532,38.988623888945]]}},{"type":"Feature","id":431971,"properties":{"OBJECTID":431971,"PRIMENAME":"East Pine Avenue","ELEVTYP_F":0,"ELEVTYP_T":0},"geometry":{"type":"LineString","coordinates":[[-74.8083898450396,38.988242470623],[-74.8082632272811,38.9881493513026]]}},{"type":"Feature","id":431972,"properties":{"OBJECTID":431972,"PRIMENAME":"East Wildwood Avenue","ELEVTYP_F":0,"ELEVTYP_T":0},"geometry":{"type":"LineString","coordinates":[[-74.8090285913817,38.9877627089639],[-74.8091214012791,38.9878279722064]]}},{"type":"Feature","id":431973,"properties":{"OBJECTID":431973,"PRIMENAME":"East Oak Avenue","ELEVTYP_F":0,"ELEVTYP_T":0},"geometry":{"type":"LineString","coordinates":[[-74.8099758287938,38.9874748412638],[-74.8098287932992,38.987372727782]]}},{"type":"Feature","id":431974,"properties":{"OBJECTID":431974,"PRIMENAME":"Boardwalk","ELEVTYP_F":0,"ELEVTYP_T":0},"geometry":{"type":"LineString","coordinates":[[-74.8042903455371,38.9900775020275],[-74.8046344803706,38.9899213887393]]}},{"type":"Feature","id":431975,"properties":{"OBJECTID":431975,"PRIMENAME":"Boardwalk","ELEVTYP_F":0,"ELEVTYP_T":0},"geometry":{"type":"LineString","coordinates":[[-74.8046344803706,38.9899213887393],[-74.8053426868762,38.9895797009242]]}},{"type":"Feature","id":431976,"properties":{"OBJECTID":431976,"PRIMENAME":"Boardwalk","ELEVTYP_F":0,"ELEVTYP_T":0},"geometry":{"type":"LineString","coordinates":[[-74.8053426868762,38.9895797009242],[-74.806080041809,38.989223942818]]}},{"type":"Feature","id":431977,"properties":{"OBJECTID":431977,"PRIMENAME":"Boardwalk","ELEVTYP_F":0,"ELEVTYP_T":0},"geometry":{"type":"LineString","coordinates":[[-74.806080041809,38.989223942818],[-74.8067396166487,38.9889057046505],[-74.8068043864696,38.9888739050114]]}},{"type":"Feature","id":431978,"properties":{"OBJECTID":431978,"PRIMENAME":"Boardwalk","ELEVTYP_F":0,"ELEVTYP_T":0},"geometry":{"type":"LineString","coordinates":[[-74.8068043864696,38.9888739050114],[-74.807503893369,38.9885304666312]]}},{"type":"Feature","id":431979,"properties":{"OBJECTID":431979,"PRIMENAME":"Boardwalk","ELEVTYP_F":0,"ELEVTYP_T":0},"geometry":{"type":"LineString","coordinates":[[-74.807503893369,38.9885304666312],[-74.8077796899139,38.9883950557255],[-74.8082632272811,38.9881493513026]]}},{"type":"Feature","id":431980,"properties":{"OBJECTID":431980,"PRIMENAME":"Boardwalk","ELEVTYP_F":0,"ELEVTYP_T":0},"geometry":{"type":"LineString","coordinates":[[-74.8082632272811,38.9881493513026],[-74.8089191904188,38.9878160253463],[-74.8090285913817,38.9877627089639]]}},{"type":"Feature","id":431981,"properties":{"OBJECTID":431981,"PRIMENAME":"Boardwalk","ELEVTYP_F":0,"ELEVTYP_T":0},"geometry":{"type":"LineString","coordinates":[[-74.8090285913817,38.9877627089639],[-74.8098287932992,38.987372727782]]}},{"type":"Feature","id":431985,"properties":{"OBJECTID":431985,"PRIMENAME":"Boardwalk","ELEVTYP_F":0,"ELEVTYP_T":0},"geometry":{"type":"LineString","coordinates":[[-74.8015039537218,38.9910759499705],[-74.8019528197006,38.9908389042367],[-74.8020484995392,38.9907935819176],[-74.8021449940622,38.9907493241168],[-74.8022422838246,38.9907061397523],[-74.8023403492211,38.9906640375256]]}},{"type":"Feature","id":431986,"properties":{"OBJECTID":431986,"PRIMENAME":"East Ceder Avenue","ELEVTYP_F":0,"ELEVTYP_T":0},"geometry":{"type":"LineString","coordinates":[[-74.8119543386034,38.9879160154488],[-74.8105323887947,38.9869171567309]]}},{"type":"Feature","id":431987,"properties":{"OBJECTID":431987,"PRIMENAME":"East Schellenger Avenue","ELEVTYP_F":0,"ELEVTYP_T":0},"geometry":{"type":"LineString","coordinates":[[-74.8113135951922,38.9865207801073],[-74.8111796077618,38.986404713335]]}},{"type":"Feature","id":431988,"properties":{"OBJECTID":431988,"PRIMENAME":"East Lincoln Avenue","ELEVTYP_F":0,"ELEVTYP_T":0},"geometry":{"type":"LineString","coordinates":[[-74.8118337158032,38.9859313220218],[-74.8119337844301,38.9860143278038]]}},{"type":"Feature","id":431989,"properties":{"OBJECTID":431989,"PRIMENAME":"East Garfield Avenue","ELEVTYP_F":0,"ELEVTYP_T":0},"geometry":{"type":"LineString","coordinates":[[-74.8127415755189,38.9856248098757],[-74.8125167480977,38.9854351630705]]}},{"type":"Feature","id":431990,"properties":{"OBJECTID":431990,"PRIMENAME":"East Spicer Avenue","ELEVTYP_F":0,"ELEVTYP_T":0},"geometry":{"type":"LineString","coordinates":[[-74.8132759494724,38.9850328558412],[-74.813179803058,38.9849517396932]]}},{"type":"Feature","id":431991,"properties":{"OBJECTID":431991,"PRIMENAME":"East Youngs Avenue","ELEVTYP_F":0,"ELEVTYP_T":0},"geometry":{"type":"LineString","coordinates":[[-74.8146467069357,38.984089403234],[-74.8145103963127,38.9839759337884]]}},{"type":"Feature","id":431992,"properties":{"OBJECTID":431992,"PRIMENAME":"East Roberts Avenue","ELEVTYP_F":0,"ELEVTYP_T":0},"geometry":{"type":"LineString","coordinates":[[-74.8151840094836,38.9834870283556],[-74.8152300089835,38.983525836791]]}},{"type":"Feature","id":431993,"properties":{"OBJECTID":431993,"PRIMENAME":"East Baker Avenue","ELEVTYP_F":0,"ELEVTYP_T":0},"geometry":{"type":"LineString","coordinates":[[-74.8158957838614,38.983037445677],[-74.8158506236242,38.9829994595209]]}},{"type":"Feature","id":431994,"properties":{"OBJECTID":431994,"PRIMENAME":"East Bennett Avenue","ELEVTYP_F":0,"ELEVTYP_T":0},"geometry":{"type":"LineString","coordinates":[[-74.8224690612755,38.9790938434793],[-74.8218672553704,38.9785924741039]]}},{"type":"Feature","id":431995,"properties":{"OBJECTID":431995,"PRIMENAME":"Leaming Avenue","ELEVTYP_F":0,"ELEVTYP_T":0},"geometry":{"type":"LineString","coordinates":[[-74.8217975470028,38.9795861051036],[-74.8211889772412,38.9790893579514]]}},{"type":"Feature","id":431996,"properties":{"OBJECTID":431996,"PRIMENAME":"East Montgomery Avenue","ELEVTYP_F":0,"ELEVTYP_T":0},"geometry":{"type":"LineString","coordinates":[[-74.8171247214151,38.9830075052224],[-74.8166439560327,38.9826038141942]]}},{"type":"Feature","id":431997,"properties":{"OBJECTID":431997,"PRIMENAME":"East Spencer Avenue","ELEVTYP_F":0,"ELEVTYP_T":0},"geometry":{"type":"LineString","coordinates":[[-74.8138416032369,38.98446562321],[-74.8139490784996,38.9845548080175]]}},{"type":"Feature","id":431998,"properties":{"OBJECTID":431998,"PRIMENAME":"Boardwalk","ELEVTYP_F":0,"ELEVTYP_T":0},"geometry":{"type":"LineString","coordinates":[[-74.8098287932992,38.987372727782],[-74.8104568798275,38.9870666210388],[-74.8105323887947,38.9869171567309]]}},{"type":"Feature","id":431999,"properties":{"OBJECTID":431999,"PRIMENAME":"Boardwalk","ELEVTYP_F":0,"ELEVTYP_T":0},"geometry":{"type":"LineString","coordinates":[[-74.8105323887947,38.9869171567309],[-74.8105681221835,38.9868464257225],[-74.8111796077618,38.986404713335]]}},{"type":"Feature","id":432000,"properties":{"OBJECTID":432000,"PRIMENAME":"Boardwalk","ELEVTYP_F":0,"ELEVTYP_T":0},"geometry":{"type":"LineString","coordinates":[[-74.8111796077618,38.986404713335],[-74.8116145434385,38.9860905282207],[-74.8118337158032,38.9859313220218]]}},{"type":"Feature","id":432001,"properties":{"OBJECTID":432001,"PRIMENAME":"Boardwalk","ELEVTYP_F":0,"ELEVTYP_T":0},"geometry":{"type":"LineString","coordinates":[[-74.8118337158032,38.9859313220218],[-74.8125167480977,38.9854351630705]]}},{"type":"Feature","id":432002,"properties":{"OBJECTID":432002,"PRIMENAME":"Boardwalk","ELEVTYP_F":0,"ELEVTYP_T":0},"geometry":{"type":"LineString","coordinates":[[-74.8125167480977,38.9854351630705],[-74.8129616615884,38.9851119699572],[-74.813179803058,38.9849517396932]]}},{"type":"Feature","id":432003,"properties":{"OBJECTID":432003,"PRIMENAME":"Boardwalk","ELEVTYP_F":0,"ELEVTYP_T":0},"geometry":{"type":"LineString","coordinates":[[-74.813179803058,38.9849517396932],[-74.8138416032369,38.98446562321]]}},{"type":"Feature","id":432004,"properties":{"OBJECTID":432004,"PRIMENAME":"Boardwalk","ELEVTYP_F":0,"ELEVTYP_T":0},"geometry":{"type":"LineString","coordinates":[[-74.8138416032369,38.98446562321],[-74.8143310614065,38.9841060920471],[-74.8145103963127,38.9839759337884]]}},{"type":"Feature","id":432005,"properties":{"OBJECTID":432005,"PRIMENAME":"Boardwalk","ELEVTYP_F":0,"ELEVTYP_T":0},"geometry":{"type":"LineString","coordinates":[[-74.8145103963127,38.9839759337884],[-74.8151840094836,38.9834870283556]]}},{"type":"Feature","id":432006,"properties":{"OBJECTID":432006,"PRIMENAME":"Boardwalk","ELEVTYP_F":0,"ELEVTYP_T":0},"geometry":{"type":"LineString","coordinates":[[-74.8151840094836,38.9834870283556],[-74.8152406945953,38.9834458858638],[-74.8158506236242,38.9829994595209]]}},{"type":"Feature","id":432007,"properties":{"OBJECTID":432007,"PRIMENAME":"Boardwalk","ELEVTYP_F":0,"ELEVTYP_T":0},"geometry":{"type":"LineString","coordinates":[[-74.8158506236242,38.9829994595209],[-74.8165262248366,38.9825049564391]]}},{"type":"Feature","id":432008,"properties":{"OBJECTID":432008,"PRIMENAME":"Boardwalk","ELEVTYP_F":0,"ELEVTYP_T":0},"geometry":{"type":"LineString","coordinates":[[-74.8218672553704,38.9785924741039],[-74.8231381257271,38.977656294443]]}},{"type":"Feature","id":432009,"properties":{"OBJECTID":432009,"PRIMENAME":"Boardwalk","ELEVTYP_F":0,"ELEVTYP_T":0},"geometry":{"type":"LineString","coordinates":[[-74.8211889772412,38.9790893579514],[-74.8216770477172,38.9787325859492],[-74.8218672553704,38.9785924741039]]}},{"type":"Feature","id":432010,"properties":{"OBJECTID":432010,"PRIMENAME":"East Montgomery Avenue","ELEVTYP_F":0,"ELEVTYP_T":0},"geometry":{"type":"LineString","coordinates":[[-74.8166439560327,38.9826038141942],[-74.8165262248366,38.9825049564391]]}},{"type":"Feature","id":435204,"properties":{"OBJECTID":435204,"PRIMENAME":"Wildwood Crest Bike Path","ELEVTYP_F":0,"ELEVTYP_T":0},"geometry":{"type":"LineString","coordinates":[[-74.8231816111427,38.9775661712011],[-74.823237096108,38.9775271145261],[-74.8233666438553,38.9774238794175],[-74.8236737620661,38.9772033734098],[-74.8236967437675,38.9771657741789],[-74.8239381654239,38.9769899362533],[-74.8239862017248,38.9769786817052],[-74.8243003515877,38.9767386913027],[-74.8243162096959,38.9767011117441],[-74.8245558907374,38.9765350094254],[-74.824628784755,38.9765070023347],[-74.8249837666953,38.9762390921499],[-74.8250226876218,38.9761819850494],[-74.8251682594952,38.9760787032924],[-74.8252269552694,38.9760618565822],[-74.8254275716321,38.975922275625],[-74.8256458951924,38.9757604016212],[-74.825659957729,38.9757200459117],[-74.8258037469794,38.9756167683313],[-74.8259194279361,38.9755983721239],[-74.8262709143846,38.9753471509009],[-74.8263060872908,38.9752497373761],[-74.8264746924053,38.9751213653062],[-74.8265458162473,38.9750961429412],[-74.8269168116481,38.9748281820216],[-74.8269520729097,38.9747502312652],[-74.8270869855104,38.9746539280467],[-74.8272525370541,38.9746367807619],[-74.8276075317943,38.9743758144885],[-74.827635482286,38.9742575666692],[-74.8277987457657,38.9741305986063],[-74.8278912657947,38.9741108754633],[-74.8282871008904,38.9738247680787],[-74.8283241280202,38.9737440309547],[-74.8284874608869,38.9736323539343],[-74.8285924204307,38.9736070341698],[-74.8289527214651,38.9733404877828],[-74.8289880054881,38.9732680964799],[-74.8291069664997,38.9731899090637],[-74.8292244748166,38.9731826265245],[-74.8295228194547,38.9729982761393],[-74.8296213828389,38.9729141496242],[-74.8296181473565,38.9728164093325],[-74.8297318248498,38.9727270267156],[-74.8298651612319,38.9726766896344],[-74.83023951022,38.9723932425199],[-74.8302503886441,38.9723389056911],[-74.8303862943571,38.9722429435561],[-74.8304807738123,38.9722144374688],[-74.8308912413821,38.9719200251089],[-74.8309187751992,38.9718569530291],[-74.8310380748822,38.9717805869269],[-74.8311855136265,38.9717714797359],[-74.8320895480604,38.9711042114872],[-74.8321311352581,38.9710715105845],[-74.8321971465865,38.9709062334424],[-74.8322970054533,38.9708386111456],[-74.832413732863,38.9708078672474],[-74.8328019643095,38.9705222003179],[-74.8328321663599,38.9704352255719],[-74.8329625512236,38.9703501370132],[-74.833123890307,38.9703388157251],[-74.8344189926302,38.9694075744947],[-74.8345805612258,38.9693152914178]]}}]}
